annee;jourDebut;jourFin;parcelle;couvert;itk;N_lixivie[kgN/ha];N_volatilise_NH3[kgN/ha];N_mineralise_net_SOM[kgN/ha];N_mineralise_net_residus[kgN/ha];N_acquis_couvert[kgN/ha];N_mineral_debut[kgN/ha];N_mineral_fin[kgN/ha];emissions_N2O_directes[kgN/ha];emissions_N2[kgN/ha];N_fixe_legumineuses[kgN/ha];satisfactionAzote_culture[%];satisfactionAzote_ci[%];delta_Corg[kgC/ha];emissions_N2O_denit[kgN-N2O/ha];emissions_N2O_nit[kgN-N2O/ha];emissions_N2O_indirectes_volat[kgN-N2O/ha];emissions_N2O_indirectes_lixiv[kgN-N2O/ha]
2019;213;311;sudouest_1_1;solnu;;21.9;0.0;49.78;0.0;0.0;35.0;24.4;9.35;29.13;0;0;0;-545.26;9.32;0.03;0.0;21.9
2019;312;365;sudouest_1_1;maisT;mais_tousSols_nonirr_organique;5.5;0.0;9.59;0.0;0.0;24.74;28.49;0.01;0.0;0;0.0;0;-106.08;0.0;0.01;0.0;5.5
2019;213;279;beauce_1_1;solnu;;0.0;0.0;23.68;0.0;0.0;35.0;44.72;9.66;4.31;0;0;0;-259.04;9.64;0.01;0.0;0.0
2019;280;365;beauce_1_1;orgeh;orgeH_tousSols_nonirr_organique;2.14;0.0;12.55;0.0;23.93;44.87;28.3;1.6;1.29;0;11.97;0;-138.74;1.6;0.01;0.0;2.14
2019;213;302;sudouest_2_1;solnu;;16.51;0.0;47.27;0.0;0.0;35.0;27.28;9.35;29.13;0;0;0;-517.21;9.32;0.03;0.0;16.51
2019;303;365;sudouest_2_1;maisT;mais_tousSols_nonirr_mineral;10.9;0.0;12.1;0.0;0.0;27.56;28.47;0.01;0.0;0;0.0;0;-134.13;0.0;0.01;0.0;10.9
2019;213;303;sudouest_3_1;solnu;;9.37;0.0;54.71;0.0;0.0;35.0;79.95;0.33;0.05;0;0;0;-608.95;0.3;0.03;0.0;9.37
2019;304;365;sudouest_3_1;maisT;mais_tousSols_irr_organique;14.88;0.0;13.98;0.0;0.0;77.56;78.94;0.09;0.01;0;0.0;0;-158.23;0.09;0.01;0.0;14.88
2019;213;290;sudouest_4_1;solnu;;2.41;0.0;50.38;0.0;0.0;35.0;82.7;0.25;0.03;0;0;0;-560.05;0.22;0.03;0.0;2.41
2019;291;365;sudouest_4_1;maisT;mais_tousSols_irr_mineral;21.88;0.0;18.3;0.0;11.48;83.02;67.43;0.17;0.04;0;3.73;0;-207.15;0.16;0.01;0.0;21.88
2019;213;291;sudouest_5_1;solnu;;2.41;0.0;50.71;0.0;0.0;35.0;83.02;0.25;0.03;0;0;0;-564.31;0.22;0.03;0.0;2.41
2019;292;365;sudouest_5_1;maisT;mais_tousSols_nonirr_organique;21.88;0.0;17.98;0.0;10.4;82.85;68.51;0.17;0.04;0;3.38;0;-202.89;0.16;0.01;0.0;21.88
2019;213;301;beauce_2_1;solnu;;0.0;0.0;27.41;0.0;0.0;35.0;43.65;11.9;6.85;0;0;0;-299.65;11.88;0.02;0.0;0.0
2019;302;365;beauce_2_1;orgeh;orgeH_tousSols_nonirr_mineral;2.13;0.0;8.82;0.0;5.47;43.46;32.88;0.82;11.19;0;2.73;0;-98.05;0.81;0.01;0.0;2.13
2019;213;275;sudouest_6_1;solnu;;0.94;0.0;44.81;0.0;0.0;35.0;78.64;0.2;0.03;0;0;0;-494.96;0.18;0.03;0.0;0.94
2019;276;365;sudouest_6_1;maisT;mais_tousSols_nonirr_mineral;23.01;0.0;23.89;0.0;23.75;79.16;55.56;0.17;0.04;0;7.71;0;-272.34;0.16;0.01;0.0;23.01
2019;213;309;sudouest_7_1;solnu;;21.9;0.0;49.37;0.0;0.0;35.0;23.99;9.35;29.13;0;0;0;-538.79;9.32;0.03;0.0;21.9
2019;310;365;sudouest_7_1;maisT;mais_tousSols_irr_organique;5.5;0.0;10.0;0.0;0.0;24.19;28.48;0.01;0.0;0;0.0;0;-112.54;0.0;0.01;0.0;5.5
2019;213;310;sudouest_8_1;solnu;;21.9;0.0;49.57;0.0;0.0;35.0;24.19;9.35;29.13;0;0;0;-543.04;9.32;0.03;0.0;21.9
2019;311;365;sudouest_8_1;maisT;mais_tousSols_irr_mineral;5.5;0.0;9.8;0.0;0.0;24.4;28.48;0.01;0.0;0;0.0;0;-108.3;0.0;0.01;0.0;5.5
2019;213;268;sudouest_9_1;solnu;;2.08;0.0;33.41;0.0;0.0;35.0;52.14;9.52;4.67;0;0;0;-362.86;9.5;0.02;0.0;2.08
2019;269;365;sudouest_9_1;maisT;mais_tousSols_nonirr_organique;18.24;0.0;22.21;0.0;23.12;52.27;24.65;4.92;3.42;0;7.51;0;-247.39;4.91;0.01;0.0;18.24
2019;213;311;beauce_3_1;solnu;;0.0;0.0;24.47;0.0;0.0;35.0;59.44;0.03;0.0;0;0;0;-271.09;0.02;0.01;0.0;0.0
2019;312;365;beauce_3_1;orgeh;orgeH_tousSols_irr_organique;0.27;0.0;8.7;0.0;3.51;59.67;64.29;0.07;0.0;0;1.76;0;-99.46;0.06;0.01;0.0;0.27
2019;213;264;beauce_4_1;solnu;;0.0;0.0;16.74;0.0;0.0;35.0;51.73;0.01;0.0;0;0;0;-186.04;0.0;0.01;0.0;0.0
2019;265;365;beauce_4_1;orgeh;orgeH_tousSols_irr_mineral;0.34;0.0;16.37;0.0;38.57;51.95;29.15;0.04;0.0;0;19.29;0;-183.8;0.03;0.01;0.0;0.34
2019;213;262;beauce_5_1;solnu;;0.0;0.0;16.32;0.0;0.0;35.0;51.31;0.01;0.0;0;0;0;-180.61;0.0;0.01;0.0;0.0
2019;263;365;beauce_5_1;orgeh;orgeH_tousSols_nonirr_organique;0.33;0.0;16.85;0.0;42.44;51.61;25.35;0.03;0.0;0;21.22;0;-189.8;0.02;0.01;0.0;0.33
2019;213;279;beauce_6_1;solnu;;0.0;0.0;19.44;0.0;0.0;35.0;54.43;0.01;0.0;0;0;0;-216.73;0.0;0.01;0.0;0.0
2019;280;365;beauce_6_1;orgeh;orgeH_tousSols_nonirr_mineral;0.28;0.0;13.71;0.0;22.91;54.59;44.88;0.07;0.0;0;11.46;0;-153.53;0.06;0.01;0.0;0.28
2019;213;276;beauce_7_1;solnu;;0.0;0.0;23.12;0.0;0.0;35.0;44.42;9.43;4.27;0;0;0;-253.09;9.41;0.01;0.0;0.0
2019;277;365;beauce_7_1;orgeh;orgeH_tousSols_irr_organique;2.14;0.0;13.12;0.0;27.4;44.58;25.87;1.42;0.71;0;13.7;0;-144.71;1.41;0.01;0.0;2.14
2019;213;274;beauce_8_1;solnu;;0.0;0.0;22.81;0.0;0.0;35.0;44.28;9.29;4.24;0;0;0;-248.44;9.27;0.01;0.0;0.0
2019;275;365;beauce_8_1;orgeh;orgeH_tousSols_irr_mineral;2.13;0.0;13.43;0.0;30.21;44.37;23.62;1.3;0.45;0;15.1;0;-149.38;1.29;0.01;0.0;2.13
2019;213;280;sudouest_10_1;solnu;;2.34;0.0;38.25;0.0;0.0;35.0;53.5;11.82;5.59;0;0;0;-415.12;11.8;0.02;0.0;2.34
2019;281;365;sudouest_10_1;maisT;mais_tousSols_nonirr_mineral;18.43;0.0;17.37;0.0;17.72;53.57;27.71;3.54;3.49;0;5.75;0;-195.04;3.53;0.01;0.0;18.43
2019;213;300;sudouest_11_1;solnu;;4.44;0.0;43.68;0.0;0.0;35.0;52.67;14.3;7.27;0;0;0;-477.04;14.27;0.03;0.0;4.44
2019;301;365;sudouest_11_1;maisT;mais_tousSols_irr_organique;16.39;0.0;11.94;0.0;0.0;51.68;42.27;2.36;3.58;0;0.0;0;-133.05;2.36;0.01;0.0;16.39
2019;213;272;oceanique_1_1;solnu;;0.0;0.0;18.47;0.0;0.0;35.0;53.46;0.01;0.0;0;0;0;-204.07;0.0;0.01;0.0;0.0
2019;273;365;oceanique_1_1;CP;ble_tousSols_nonirr_organique;3.82;0.0;17.99;0.0;43.32;53.74;24.24;0.05;0.02;0;16.04;0;-201.54;0.04;0.01;0.0;3.82
2019;213;298;oceanique_2_1;solnu;;0.0;0.0;27.19;0.0;0.0;35.0;39.6;12.97;9.61;0;0;0;-297.33;12.95;0.02;0.0;0.0
2019;299;365;oceanique_2_1;CP;ble_tousSols_nonirr_mineral;14.48;0.0;11.23;0.0;8.74;39.53;23.38;0.39;3.85;0;3.24;0;-123.08;0.39;0.01;0.0;14.48
2019;213;295;sudouest_12_1;solnu;;3.78;0.0;42.39;0.0;0.0;35.0;53.19;13.74;6.69;0;0;0;-463.57;13.71;0.03;0.0;3.78
2019;296;365;sudouest_12_1;maisT;mais_tousSols_irr_mineral;17.08;0.0;13.22;0.0;4.19;53.25;38.49;2.71;3.95;0;1.36;0;-146.53;2.7;0.01;0.0;17.08
2019;213;315;sudouest_13_1;solnu;;21.9;0.0;50.89;0.0;0.0;35.0;25.51;9.36;29.13;0;0;0;-556.8;9.32;0.03;0.0;21.9
2019;316;365;sudouest_13_1;maisT;mais_tousSols_nonirr_organique;5.49;0.0;8.48;0.0;0.0;25.69;28.49;0.01;0.0;0;0.0;0;-94.54;0.0;0.01;0.0;5.49
2019;213;272;sudouest_14_1;solnu;;6.16;0.0;37.71;0.0;0.0;35.0;34.22;8.35;23.97;0;0;0;-409.97;8.33;0.02;0.0;6.16
2019;273;365;sudouest_14_1;maisT;mais_tousSols_nonirr_mineral;20.72;0.0;21.67;0.0;19.06;33.9;9.95;1.01;5.16;0;6.19;0;-241.48;1.0;0.01;0.0;20.72
2019;213;276;sudouest_15_1;solnu;;0.94;0.0;45.34;0.0;0.0;35.0;79.16;0.21;0.03;0;0;0;-501.85;0.18;0.03;0.0;0.94
2019;277;365;sudouest_15_1;maisT;mais_tousSols_irr_organique;23.15;0.0;23.37;0.0;22.96;79.49;56.22;0.17;0.04;0;7.45;0;-265.6;0.15;0.01;0.0;23.15
2019;213;275;sudouest_16_1;solnu;;0.94;0.0;44.81;0.0;0.0;35.0;78.64;0.2;0.03;0;0;0;-494.96;0.18;0.03;0.0;0.94
2019;276;365;sudouest_16_1;maisT;mais_tousSols_irr_mineral;23.12;0.0;23.9;0.0;23.53;79.16;55.68;0.17;0.04;0;7.64;0;-272.49;0.16;0.01;0.0;23.12
2019;213;268;oceanique_3_1;solnu;;0.0;0.0;20.45;0.0;0.0;35.0;41.03;8.62;5.8;0;0;0;-221.29;8.61;0.01;0.0;0.0
2019;269;365;oceanique_3_1;CP;ble_tousSols_nonirr_organique;10.25;0.0;17.97;0.0;39.32;40.88;6.4;1.72;1.31;0;14.56;0;-199.18;1.71;0.01;0.0;10.25
2019;213;260;oceanique_4_1;solnu;;0.0;0.0;15.2;0.0;0.0;35.0;50.19;0.01;0.0;0;0;0;-165.09;0.0;0.01;0.0;0.0
2019;261;365;oceanique_4_1;CP;ble_tousSols_nonirr_mineral;3.04;0.0;21.27;0.0;53.9;50.48;14.5;0.01;0.0;0;19.96;0;-240.66;0.0;0.01;0.0;3.04
2019;213;283;sudouest_17_1;solnu;;0.94;0.0;47.96;0.0;0.0;35.0;81.78;0.21;0.03;0;0;0;-534.41;0.18;0.03;0.0;0.94
2019;284;365;sudouest_17_1;maisT;mais_tousSols_nonirr_organique;23.31;0.0;20.73;0.0;18.09;82.2;60.89;0.19;0.04;0;5.87;0;-232.83;0.18;0.01;0.0;23.31
2019;213;260;beauce_9_1;solnu;;0.0;0.0;15.94;0.0;0.0;35.0;50.49;0.45;0.0;0;0;0;-173.62;0.44;0.01;0.0;0.0
2019;261;365;beauce_9_1;orgeh;orgeH_tousSols_nonirr_organique;1.04;0.0;15.35;0.0;48.89;50.76;15.89;0.01;0.0;0;24.45;0;-169.69;0.0;0.01;0.0;1.04
2019;213;303;oceanique_5_1;solnu;;0.0;0.0;23.63;0.0;0.0;35.0;56.56;1.97;0.1;0;0;0;-257.91;1.96;0.01;0.0;0.0
2019;304;365;oceanique_5_1;CP;ble_tousSols_nonirr_organique;9.29;0.0;9.89;0.0;6.85;56.48;42.23;3.68;4.39;0;2.54;0;-108.74;3.67;0.01;0.0;9.29
2019;213;279;sudouest_18_1;solnu;;0.94;0.0;46.36;0.0;0.0;35.0;80.18;0.21;0.03;0;0;0;-515.6;0.18;0.03;0.0;0.94
2019;280;365;sudouest_18_1;maisT;mais_tousSols_nonirr_mineral;23.15;0.0;22.34;0.0;20.96;80.8;58.19;0.18;0.04;0;6.8;0;-251.66;0.16;0.01;0.0;23.15
2019;213;289;sudouest_19_1;solnu;;6.83;0.0;43.6;0.0;0.0;35.0;33.9;9.35;28.52;0;0;0;-477.35;9.32;0.03;0.0;6.83
2019;290;365;sudouest_19_1;maisT;mais_tousSols_irr_organique;20.63;0.0;15.77;0.0;13.39;33.25;15.03;0.01;0.61;0;4.35;0;-174.01;0.0;0.01;0.0;20.63
2019;213;296;sudouest_20_1;solnu;;8.26;0.0;45.65;0.0;0.0;35.0;34.51;9.35;28.52;0;0;0;-499.36;9.32;0.03;0.0;8.26
2019;297;365;sudouest_20_1;maisT;mais_tousSols_irr_mineral;19.17;0.0;13.72;0.0;2.69;33.79;25.76;0.01;0.61;0;0.87;0;-151.99;0.0;0.01;0.0;19.17
2019;213;318;sudouest_21_1;solnu;;14.54;0.0;48.4;0.0;0.0;35.0;44.61;15.25;9.0;0;0;0;-529.37;15.22;0.03;0.0;14.54
2019;319;365;sudouest_21_1;maisT;mais_tousSols_nonirr_organique;6.28;0.0;7.21;0.0;0.0;44.82;42.29;1.41;1.84;0;0.0;0;-80.72;1.41;0.0;0.0;6.28
2019;213;260;sudouest_22_1;solnu;;2.08;0.0;29.92;0.0;0.0;35.0;50.58;8.0;4.25;0;0;0;-324.7;7.99;0.02;0.0;2.08
2019;261;365;sudouest_22_1;maisT;mais_tousSols_nonirr_mineral;15.72;0.0;25.72;0.0;32.47;50.79;19.2;5.98;2.93;0;10.54;0;-285.69;5.96;0.02;0.0;15.72
2019;213;302;sudouest_23_1;solnu;;9.74;0.0;44.17;0.0;0.0;35.0;47.2;14.37;7.86;0;0;0;-483.2;14.34;0.03;0.0;9.74
2019;303;365;sudouest_23_1;maisT;mais_tousSols_irr_organique;11.09;0.0;11.45;0.0;0.0;47.33;42.27;2.3;2.99;0;0.0;0;-126.89;2.29;0.01;0.0;11.09
2019;213;274;oceanique_6_1;solnu;;0.0;0.0;18.82;0.0;0.0;35.0;52.7;1.12;0.0;0;0;0;-205.0;1.11;0.01;0.0;0.0
2019;275;365;oceanique_6_1;CP;ble_tousSols_nonirr_mineral;6.2;0.0;14.71;0.0;38.25;52.88;21.67;0.67;0.61;0;14.17;0;-161.7;0.66;0.01;0.0;6.2
2019;213;278;beauce_10_1;solnu;;0.0;0.0;19.72;0.0;0.0;35.0;54.26;0.45;0.0;0;0;0;-215.61;0.44;0.01;0.0;0.0
2019;279;365;beauce_10_1;orgeh;orgeH_tousSols_nonirr_mineral;0.86;0.0;11.53;0.0;23.81;54.37;35.02;3.68;2.42;0;11.91;0;-127.3;3.67;0.01;0.0;0.86
2019;213;270;beauce_11_1;solnu;;0.0;0.0;18.29;0.0;0.0;35.0;52.84;0.45;0.0;0;0;0;-198.63;0.44;0.01;0.0;0.0
2019;271;365;beauce_11_1;orgeh;orgeH_tousSols_irr_organique;0.84;0.0;12.96;0.0;34.0;53.09;27.13;2.17;1.67;0;17.0;0;-144.34;2.16;0.01;0.0;0.84
2019;213;293;beauce_12_1;solnu;;0.0;0.0;21.73;0.0;0.0;35.0;56.19;0.54;0.0;0;0;0;-237.24;0.53;0.01;0.0;0.0
2019;294;365;beauce_12_1;orgeh;orgeH_tousSols_irr_mineral;0.89;0.0;9.51;0.0;9.29;56.29;47.18;5.24;3.1;0;4.64;0;-105.62;5.24;0.01;0.0;0.89
2019;213;267;sudouest_24_1;solnu;;2.08;0.0;32.99;0.0;0.0;35.0;52.04;9.32;4.54;0;0;0;-359.94;9.3;0.02;0.0;2.08
2019;268;365;sudouest_24_1;maisT;mais_tousSols_irr_mineral;17.82;0.0;22.64;0.0;24.33;52.14;23.96;5.1;3.48;0;7.9;0;-250.33;5.08;0.01;0.0;17.82
2019;213;300;beauce_13_1;solnu;;0.0;0.0;27.24;0.0;0.0;35.0;43.9;11.8;6.54;0;0;0;-297.69;11.79;0.02;0.0;0.0
2019;301;365;beauce_13_1;CP;ble_tousSols_nonirr_organique;2.13;0.0;8.99;0.0;5.61;43.66;33.04;0.88;11.23;0;2.08;0;-100.01;0.87;0.01;0.0;2.13
2019;213;275;beauce_14_1;solnu;;0.0;0.0;23.01;0.0;0.0;35.0;44.37;9.38;4.26;0;0;0;-250.87;9.36;0.01;0.0;0.0
2019;276;365;beauce_14_1;maisT;mais_tousSols_nonirr_organique;2.19;0.0;13.23;0.0;0.0;44.42;35.12;3.59;16.7;0;0.0;0;-146.88;3.58;0.01;0.0;2.19
2019;213;265;beauce_15_1;solnu;;0.0;0.0;20.23;0.0;0.0;35.0;43.12;8.15;3.96;0;0;0;-219.62;8.14;0.01;0.0;0.0
2019;266;365;beauce_15_1;maisT;mais_tousSols_nonirr_organique;2.27;0.0;16.01;0.0;13.95;43.16;28.44;4.21;10.27;0;4.53;0;-178.18;4.2;0.01;0.0;2.27
2019;213;315;beauce_16_1;solnu;;0.25;0.0;29.77;0.0;0.0;35.0;39.16;12.31;13.04;0;0;0;-325.47;12.29;0.02;0.0;0.25
2019;316;365;beauce_16_1;maisT;mais_tousSols_nonirr_mineral;1.87;0.0;6.46;0.0;0.0;38.98;35.08;0.69;7.99;0;0.0;0;-72.24;0.69;0.0;0.0;1.87
2019;213;288;beauce_17_1;solnu;;0.0;0.0;25.14;0.0;0.0;35.0;45.41;10.29;4.43;0;0;0;-274.92;10.28;0.02;0.0;0.0
2019;289;365;beauce_17_1;CP;ble_tousSols_nonirr_mineral;2.12;0.0;11.09;0.0;15.6;45.46;32.26;1.74;4.78;0;5.78;0;-122.81;1.73;0.01;0.0;2.12
2019;213;275;beauce_18_1;solnu;;0.0;0.0;23.01;0.0;0.0;35.0;44.37;9.38;4.26;0;0;0;-250.87;9.36;0.01;0.0;0.0
2019;276;365;beauce_18_1;maisT;mais_tousSols_nonirr_mineral;2.19;0.0;13.23;0.0;0.0;44.42;35.12;3.59;16.7;0;0.0;0;-146.88;3.58;0.01;0.0;2.19
2019;213;310;beauce_19_1;solnu;;0.0;0.0;24.2;0.0;0.0;35.0;59.18;0.03;0.0;0;0;0;-269.02;0.01;0.01;0.0;0.0
2019;311;365;beauce_19_1;CP;ble_tousSols_irr_organique;0.27;0.0;8.97;0.0;3.78;59.44;64.02;0.07;0.0;0;1.4;0;-101.53;0.07;0.01;0.0;0.27
2019;213;270;beauce_20_1;solnu;;0.0;0.0;18.13;0.0;0.0;35.0;53.12;0.01;0.0;0;0;0;-200.72;0.0;0.01;0.0;0.0
2019;271;365;beauce_20_1;maisT;mais_tousSols_irr_organique;0.33;0.0;15.04;0.0;3.49;53.33;64.25;0.09;0.0;0;1.13;0;-169.78;0.08;0.01;0.0;0.33
2019;213;309;beauce_21_1;solnu;;0.0;0.0;24.02;0.0;0.0;35.0;58.99;0.03;0.0;0;0;0;-267.71;0.01;0.01;0.0;0.0
2019;310;365;beauce_21_1;maisT;mais_tousSols_irr_organique;0.27;0.0;9.16;0.0;0.0;59.18;67.8;0.07;0.0;0;0.0;0;-102.83;0.07;0.01;0.0;0.27
2019;213;318;beauce_22_1;solnu;;0.0;0.0;26.02;0.0;0.0;35.0;60.98;0.04;0.0;0;0;0;-290.23;0.03;0.02;0.0;0.0
2019;319;365;beauce_22_1;maisT;mais_tousSols_irr_mineral;0.27;0.0;7.15;0.0;0.0;61.35;67.8;0.06;0.0;0;0.0;0;-80.32;0.05;0.0;0.0;0.27
2019;213;282;beauce_23_1;solnu;;0.0;0.0;19.76;0.0;0.0;35.0;54.74;0.01;0.0;0;0;0;-220.42;0.0;0.01;0.0;0.0
2019;283;365;beauce_23_1;CP;ble_tousSols_irr_mineral;0.28;0.0;13.43;0.0;23.17;54.93;44.66;0.06;0.0;0;8.58;0;-150.21;0.06;0.01;0.0;0.28
2019;213;275;beauce_24_1;solnu;;0.0;0.0;18.99;0.0;0.0;35.0;53.98;0.01;0.0;0;0;0;-211.05;0.0;0.01;0.0;0.0
2019;276;365;beauce_24_1;maisT;mais_tousSols_irr_mineral;0.31;0.0;14.19;0.0;0.0;54.05;67.77;0.09;0.0;0;0.0;0;-159.47;0.08;0.01;0.0;0.31
2019;213;271;beauce_25_1;solnu;;0.0;0.0;18.34;0.0;0.0;35.0;53.33;0.01;0.0;0;0;0;-203.06;0.0;0.01;0.0;0.0
2019;272;365;beauce_25_1;CP;ble_tousSols_nonirr_organique;0.29;0.0;14.85;0.0;37.93;53.49;29.92;0.04;0.0;0;14.05;0;-167.7;0.03;0.01;0.0;0.29
2019;213;287;beauce_26_1;solnu;;0.0;0.0;20.36;0.0;0.0;35.0;55.34;0.01;0.0;0;0;0;-227.11;0.0;0.01;0.0;0.0
2019;288;365;beauce_26_1;maisT;mais_tousSols_nonirr_organique;0.28;0.0;12.82;0.0;0.0;55.45;67.79;0.09;0.0;0;0.0;0;-143.45;0.08;0.01;0.0;0.28
2019;213;271;beauce_27_1;solnu;;0.0;0.0;18.34;0.0;0.0;35.0;53.33;0.01;0.0;0;0;0;-203.06;0.0;0.01;0.0;0.0
2019;272;365;beauce_27_1;maisT;mais_tousSols_nonirr_organique;0.34;0.0;14.84;0.0;1.22;53.49;66.52;0.09;0.0;0;0.4;0;-167.59;0.08;0.01;0.0;0.34
2019;213;316;beauce_28_1;solnu;;0.0;0.0;25.56;0.0;0.0;35.0;60.52;0.04;0.0;0;0;0;-284.58;0.02;0.02;0.0;0.0
2019;317;365;beauce_28_1;maisT;mais_tousSols_nonirr_mineral;0.26;0.0;7.61;0.0;0.0;60.87;67.81;0.06;0.0;0;0.0;0;-85.95;0.06;0.0;0.0;0.26
2019;213;268;beauce_29_1;solnu;;0.0;0.0;17.73;0.0;0.0;35.0;52.72;0.01;0.0;0;0;0;-195.91;0.0;0.01;0.0;0.0
2019;269;365;beauce_29_1;CP;ble_tousSols_nonirr_mineral;0.33;0.0;15.47;0.0;43.13;52.91;24.7;0.03;0.0;0;15.97;0;-174.91;0.02;0.01;0.0;0.33
2019;213;308;beauce_30_1;solnu;;0.0;0.0;23.9;0.0;0.0;35.0;58.88;0.03;0.0;0;0;0;-266.09;0.01;0.01;0.0;0.0
2019;309;365;beauce_30_1;maisT;mais_tousSols_nonirr_mineral;0.27;0.0;9.27;0.0;0.0;58.99;67.81;0.07;0.0;0;0.0;0;-104.45;0.07;0.01;0.0;0.27
2019;213;263;beauce_31_1;solnu;;0.0;0.0;19.8;0.0;0.0;35.0;43.05;7.89;3.86;0;0;0;-213.61;7.88;0.01;0.0;0.0
2019;264;365;beauce_31_1;CP;ble_tousSols_irr_organique;2.16;0.0;16.45;0.0;41.79;43.09;13.7;1.44;0.41;0;15.48;0;-184.25;1.43;0.01;0.0;2.16
2019;213;284;beauce_32_1;solnu;;0.0;0.0;24.54;0.0;0.0;35.0;45.2;9.98;4.36;0;0;0;-268.65;9.97;0.01;0.0;0.0
2019;285;365;beauce_32_1;maisT;mais_tousSols_irr_organique;2.15;0.0;11.69;0.0;0.0;45.26;35.13;3.02;16.59;0;0.0;0;-129.07;3.01;0.01;0.0;2.15
2019;213;302;beauce_33_1;solnu;;0.0;0.0;27.53;0.0;0.0;35.0;43.46;11.96;7.11;0;0;0;-301.46;11.94;0.02;0.0;0.0
2019;303;365;beauce_33_1;maisT;mais_tousSols_irr_organique;2.12;0.0;8.7;0.0;0.0;43.21;35.07;1.04;13.92;0;0.0;0;-96.24;1.04;0.01;0.0;2.12
2019;213;260;beauce_34_1;solnu;;0.0;0.0;18.84;0.0;0.0;35.0;42.62;7.5;3.72;0;0;0;-205.08;7.49;0.01;0.0;0.0
2019;261;365;beauce_34_1;maisT;mais_tousSols_irr_mineral;2.29;0.0;17.41;0.0;20.52;42.93;25.09;4.69;7.44;0;6.66;0;-192.83;4.68;0.01;0.0;2.29
2019;213;262;beauce_35_1;solnu;;0.0;0.0;19.42;0.0;0.0;35.0;42.95;7.69;3.78;0;0;0;-211.16;7.68;0.01;0.0;0.0
2019;263;365;beauce_35_1;CP;ble_tousSols_irr_mineral;2.97;0.0;16.83;0.0;42.03;43.05;12.81;1.51;0.46;0;15.57;0;-186.71;1.5;0.01;0.0;2.97
2019;213;284;beauce_36_1;solnu;;0.0;0.0;24.54;0.0;0.0;35.0;45.2;9.98;4.36;0;0;0;-268.65;9.97;0.01;0.0;0.0
2019;285;365;beauce_36_1;maisT;mais_tousSols_irr_mineral;2.15;0.0;11.69;0.0;0.0;45.26;35.13;3.02;16.59;0;0.0;0;-129.07;3.01;0.01;0.0;2.15
2019;213;275;beauce_37_1;solnu;;0.0;0.0;19.29;0.0;0.0;35.0;53.84;0.45;0.0;0;0;0;-210.39;0.44;0.01;0.0;0.0
2019;276;365;beauce_37_1;CP;ble_tousSols_nonirr_organique;0.83;0.0;11.96;0.0;30.1;53.93;29.93;2.86;2.06;0;11.15;0;-132.51;2.86;0.01;0.0;0.83
2019;213;319;beauce_38_1;solnu;;0.0;0.0;25.89;0.0;0.0;35.0;56.8;2.9;1.18;0;0;0;-281.53;2.89;0.02;0.0;0.0
2019;320;365;beauce_38_1;maisT;mais_tousSols_nonirr_organique;0.9;0.0;5.35;0.0;0.0;56.79;55.79;3.34;2.13;0;0.0;0;-61.31;3.33;0.0;0.0;0.9
2019;213;265;beauce_39_1;solnu;;0.0;0.0;17.06;0.0;0.0;35.0;51.61;0.45;0.0;0;0;0;-185.25;0.44;0.01;0.0;0.0
2019;266;365;beauce_39_1;maisT;mais_tousSols_nonirr_organique;0.92;0.0;14.19;0.0;13.95;51.79;42.79;5.11;3.03;0;4.53;0;-157.7;5.1;0.01;0.0;0.92
2019;213;264;beauce_40_1;solnu;;0.0;0.0;16.84;0.0;0.0;35.0;51.39;0.45;0.0;0;0;0;-183.72;0.44;0.01;0.0;0.0
2019;265;365;beauce_40_1;maisT;mais_tousSols_nonirr_mineral;0.91;0.0;14.41;0.0;16.19;51.61;40.84;4.92;2.94;0;5.26;0;-159.23;4.91;0.01;0.0;0.91
2019;213;305;beauce_41_1;solnu;;0.0;0.0;23.39;0.0;0.0;35.0;57.07;1.3;0.02;0;0;0;-256.11;1.29;0.01;0.0;0.0
2019;306;365;beauce_41_1;CP;ble_tousSols_nonirr_mineral;0.9;0.0;7.85;0.0;4.79;57.03;51.19;4.82;3.22;0;1.77;0;-86.72;4.81;0.0;0.0;0.9
2019;213;279;beauce_42_1;solnu;;0.0;0.0;19.82;0.0;0.0;35.0;54.37;0.45;0.0;0;0;0;-216.88;0.44;0.01;0.0;0.0
2019;280;365;beauce_42_1;maisT;mais_tousSols_nonirr_mineral;0.91;0.0;11.42;0.0;0.0;54.56;55.77;5.78;3.32;0;0.0;0;-125.98;5.78;0.01;0.0;0.91
2019;213;299;beauce_43_1;solnu;;0.0;0.0;22.61;0.0;0.0;35.0;56.79;0.81;0.0;0;0;0;-247.41;0.8;0.01;0.0;0.0
2019;300;365;beauce_43_1;CP;ble_tousSols_irr_organique;0.89;0.0;8.63;0.0;6.08;56.86;50.02;5.23;3.21;0;2.25;0;-95.43;5.22;0.01;0.0;0.89
2019;213;294;beauce_44_1;solnu;;0.0;0.0;21.86;0.0;0.0;35.0;56.29;0.57;0.0;0;0;0;-238.99;0.56;0.01;0.0;0.0
2019;295;365;beauce_44_1;maisT;mais_tousSols_irr_organique;0.9;0.0;9.37;0.0;0.0;56.38;55.78;5.67;3.31;0;0.0;0;-103.85;5.66;0.01;0.0;0.9
2019;213;280;beauce_45_1;solnu;;0.0;0.0;20.02;0.0;0.0;35.0;54.56;0.45;0.0;0;0;0;-218.06;0.44;0.01;0.0;0.0
2019;281;365;beauce_45_1;maisT;mais_tousSols_irr_organique;0.91;0.0;11.22;0.0;0.0;54.64;55.77;5.78;3.32;0;0.0;0;-124.79;5.78;0.01;0.0;0.91
2019;213;265;beauce_46_1;solnu;;0.0;0.0;17.06;0.0;0.0;35.0;51.61;0.45;0.0;0;0;0;-185.25;0.44;0.01;0.0;0.0
2019;266;365;beauce_46_1;maisT;mais_tousSols_irr_mineral;0.91;0.0;14.18;0.0;13.95;51.79;42.79;5.1;3.03;0;4.53;0;-157.65;5.1;0.01;0.0;0.91
2019;213;282;beauce_47_1;solnu;;0.0;0.0;20.18;0.0;0.0;35.0;54.73;0.45;0.0;0;0;0;-221.02;0.44;0.01;0.0;0.0
2019;283;365;beauce_47_1;CP;ble_tousSols_irr_mineral;0.86;0.0;11.06;0.0;21.34;54.95;37.05;4.0;2.54;0;7.91;0;-121.86;3.99;0.01;0.0;0.86
2019;213;295;beauce_48_1;solnu;;0.0;0.0;22.0;0.0;0.0;35.0;56.38;0.62;0.0;0;0;0;-240.5;0.61;0.01;0.0;0.0
2019;296;365;beauce_48_1;maisT;mais_tousSols_irr_mineral;0.9;0.0;9.24;0.0;0.0;56.49;55.78;5.62;3.31;0;0.0;0;-102.34;5.61;0.01;0.0;0.9
2019;213;278;oceanique_7_1;solnu;;0.0;0.0;19.63;0.0;0.0;35.0;54.62;0.01;0.0;0;0;0;-218.3;0.0;0.01;0.0;0.0
2019;279;365;oceanique_7_1;orgeh;orgeH_tousSols_nonirr_organique;5.11;0.0;16.81;0.0;30.16;54.73;36.06;0.09;0.02;0;15.08;0;-187.19;0.08;0.01;0.0;5.11
2019;213;291;oceanique_8_1;solnu;;0.0;0.0;21.76;0.0;0.0;35.0;56.74;0.01;0.0;0;0;0;-240.88;0.0;0.01;0.0;0.0
2019;292;365;oceanique_8_1;maisT;mais_tousSols_nonirr_organique;7.28;0.0;14.69;0.0;0.0;56.93;63.99;0.16;0.02;0;0.0;0;-164.65;0.15;0.01;0.0;7.28
2019;213;291;oceanique_9_1;solnu;;0.0;0.0;21.76;0.0;0.0;35.0;56.74;0.01;0.0;0;0;0;-240.88;0.0;0.01;0.0;0.0
2019;292;365;oceanique_9_1;maisT;mais_tousSols_nonirr_organique;7.28;0.0;14.69;0.0;0.0;56.93;63.99;0.16;0.02;0;0.0;0;-164.65;0.15;0.01;0.0;7.28
2019;213;275;oceanique_10_1;solnu;;0.0;0.0;22.56;0.0;0.0;35.0;40.64;10.0;6.92;0;0;0;-245.69;9.98;0.01;0.0;0.0
2019;276;365;oceanique_10_1;maisT;mais_tousSols_nonirr_mineral;14.72;0.0;15.86;0.0;11.45;40.65;20.42;3.36;6.55;0;3.72;0;-174.74;3.35;0.01;0.0;14.72
2019;213;307;oceanique_11_1;solnu;;3.41;0.0;28.91;0.0;0.0;35.0;33.68;13.35;13.47;0;0;0;-314.18;13.34;0.02;0.0;3.41
2019;308;365;oceanique_11_1;orgeh;orgeH_tousSols_nonirr_mineral;11.29;0.0;9.51;0.0;5.99;33.78;25.9;0.01;0.0;0;3.0;0;-106.23;0.0;0.01;0.0;11.29
2019;213;316;oceanique_12_1;solnu;;0.25;0.0;29.89;0.0;0.0;35.0;38.98;12.33;13.33;0;0;0;-327.43;12.32;0.02;0.0;0.25
2019;317;365;oceanique_12_1;maisT;mais_tousSols_nonirr_mineral;1.87;0.0;6.34;0.0;0.0;38.48;35.08;0.67;7.7;0;0.0;0;-70.27;0.67;0.0;0.0;1.87
2019;213;273;oceanique_13_1;solnu;;0.0;0.0;22.12;0.0;0.0;35.0;40.66;9.72;6.74;0;0;0;-239.54;9.7;0.01;0.0;0.0
2019;274;365;oceanique_13_1;orgeh;orgeH_tousSols_nonirr_organique;10.5;0.0;16.3;0.0;36.51;40.64;7.58;1.53;0.85;0;18.25;0;-180.91;1.52;0.01;0.0;10.5
2019;213;284;oceanique_14_1;solnu;;0.0;0.0;24.36;0.0;0.0;35.0;40.76;11.1;7.5;0;0;0;-266.08;11.08;0.01;0.0;0.0
2019;285;365;oceanique_14_1;maisT;mais_tousSols_nonirr_organique;14.88;0.0;14.06;0.0;1.1;40.78;30.62;2.26;5.96;0;0.36;0;-154.33;2.26;0.01;0.0;14.88
2019;213;278;oceanique_15_1;solnu;;0.0;0.0;23.22;0.0;0.0;35.0;40.69;10.4;7.13;0;0;0;-253.51;10.39;0.01;0.0;0.0
2019;279;365;oceanique_15_1;maisT;mais_tousSols_nonirr_organique;14.85;0.0;15.2;0.0;8.09;40.69;23.65;2.96;6.34;0;2.63;0;-166.91;2.95;0.01;0.0;14.85
2019;213;281;oceanique_16_1;solnu;;0.0;0.0;19.97;0.0;0.0;35.0;54.95;0.01;0.0;0;0;0;-222.41;0.0;0.01;0.0;0.0
2019;282;365;oceanique_16_1;maisT;mais_tousSols_nonirr_mineral;7.31;0.0;16.48;0.0;4.5;55.27;59.45;0.16;0.02;0;1.46;0;-183.14;0.15;0.01;0.0;7.31
2019;213;266;oceanique_17_1;solnu;;0.0;0.0;16.76;0.0;0.0;35.0;51.75;0.01;0.0;0;0;0;-183.65;0.0;0.01;0.0;0.0
2019;267;365;oceanique_17_1;orgeh;orgeH_tousSols_nonirr_mineral;3.76;0.0;19.67;0.0;44.95;51.96;22.66;0.04;0.02;0;22.47;0;-221.7;0.03;0.01;0.0;3.76
2019;213;293;oceanique_18_1;solnu;;0.0;0.0;22.09;0.0;0.0;35.0;57.08;0.01;0.0;0;0;0;-245.8;0.0;0.01;0.0;0.0
2019;294;365;oceanique_18_1;maisT;mais_tousSols_nonirr_mineral;7.27;0.0;14.36;0.0;0.0;57.29;63.99;0.16;0.02;0;0.0;0;-159.73;0.15;0.01;0.0;7.27
2019;213;278;oceanique_19_1;solnu;;0.0;0.0;19.56;0.0;0.0;35.0;53.42;1.14;0.0;0;0;0;-213.55;1.13;0.01;0.0;0.0
2019;279;365;oceanique_19_1;orgeh;orgeH_tousSols_nonirr_organique;7.14;0.0;13.97;0.0;29.1;53.54;27.25;1.91;1.99;0;14.55;0;-153.24;1.9;0.01;0.0;7.14
2019;213;283;oceanique_20_1;solnu;;0.0;0.0;20.36;0.0;0.0;35.0;54.21;1.15;0.0;0;0;0;-222.67;1.14;0.01;0.0;0.0
2019;284;365;oceanique_20_1;maisT;mais_tousSols_nonirr_organique;9.44;0.0;13.16;0.0;1.9;54.35;46.59;4.74;4.69;0;0.62;0;-144.0;4.73;0.01;0.0;9.44
2019;213;290;oceanique_21_1;solnu;;0.0;0.0;21.5;0.0;0.0;35.0;55.27;1.23;0.0;0;0;0;-234.77;1.22;0.01;0.0;0.0
2019;291;365;oceanique_21_1;maisT;mais_tousSols_nonirr_organique;9.42;0.0;12.02;0.0;0.0;55.43;48.5;4.68;4.7;0;0.0;0;-131.89;4.67;0.01;0.0;9.42
2019;213;287;oceanique_22_1;solnu;;0.0;0.0;20.94;0.0;0.0;35.0;54.77;1.17;0.0;0;0;0;-228.71;1.16;0.01;0.0;0.0
2019;288;365;oceanique_22_1;maisT;mais_tousSols_nonirr_mineral;9.43;0.0;12.59;0.0;0.0;55.01;48.49;4.74;4.7;0;0.0;0;-137.95;4.73;0.01;0.0;9.43
2019;213;268;oceanique_23_1;solnu;;0.0;0.0;17.22;0.0;0.0;35.0;51.26;0.96;0.0;0;0;0;-186.23;0.95;0.01;0.0;0.0
2019;269;365;oceanique_23_1;orgeh;orgeH_tousSols_nonirr_mineral;5.78;0.0;16.3;0.0;42.75;51.53;18.55;0.47;0.0;0;21.38;0;-180.41;0.46;0.01;0.0;5.78
2019;213;289;oceanique_24_1;solnu;;0.0;0.0;21.34;0.0;0.0;35.0;55.16;1.18;0.0;0;0;0;-233.09;1.17;0.01;0.0;0.0
2019;290;365;oceanique_24_1;maisT;mais_tousSols_nonirr_mineral;9.42;0.0;12.18;0.0;0.0;55.27;48.49;4.73;4.7;0;0.0;0;-133.57;4.72;0.01;0.0;9.42
2019;213;282;sudouest_25_1;solnu;;6.44;0.0;41.64;0.0;0.0;35.0;34.54;8.89;26.77;0;0;0;-452.69;8.87;0.02;0.0;6.44
2019;283;365;sudouest_25_1;CP;ble_tousSols_nonirr_organique;14.51;0.0;17.74;0.0;29.95;34.41;5.6;0.47;1.75;0;11.09;0;-198.72;0.46;0.01;0.0;14.51
2019;213;305;sudouest_26_1;solnu;;19.18;0.0;48.17;0.0;0.0;35.0;25.5;9.35;29.13;0;0;0;-525.63;9.32;0.03;0.0;19.18
2019;306;365;sudouest_26_1;orgeh;orgeH_tousSols_nonirr_organique;8.16;0.0;11.2;0.0;7.75;22.99;20.78;0.01;0.0;0;3.88;0;-125.71;0.0;0.01;0.0;8.16
2019;213;286;sudouest_27_1;solnu;;6.44;0.0;42.87;0.0;0.0;35.0;34.25;9.35;27.83;0;0;0;-467.03;9.32;0.03;0.0;6.44
2019;287;365;sudouest_27_1;CP;ble_tousSols_nonirr_mineral;16.93;0.0;16.51;0.0;25.36;34.49;7.76;0.01;0.69;0;9.39;0;-184.36;0.0;0.01;0.0;16.93
2019;213;282;sudouest_28_1;solnu;;6.44;0.0;41.64;0.0;0.0;35.0;34.54;8.89;26.77;0;0;0;-452.69;8.87;0.02;0.0;6.44
2019;283;365;sudouest_28_1;orgeh;orgeH_tousSols_nonirr_mineral;14.53;0.0;17.74;0.0;29.87;34.41;5.66;0.47;1.76;0;14.93;0;-198.74;0.46;0.01;0.0;14.53
2019;213;284;sudouest_29_1;solnu;;0.94;0.0;48.38;0.0;0.0;35.0;82.2;0.21;0.03;0;0;0;-537.13;0.18;0.03;0.0;0.94
2019;285;365;sudouest_29_1;CP;ble_tousSols_irr_organique;20.5;0.0;20.31;0.0;29.86;82.48;51.97;0.14;0.04;0;11.06;0;-230.13;0.13;0.01;0.0;20.5
2019;213;291;sudouest_30_1;solnu;;2.41;0.0;50.71;0.0;0.0;35.0;83.02;0.25;0.03;0;0;0;-564.31;0.22;0.03;0.0;2.41
2019;292;365;sudouest_30_1;orgeh;orgeH_tousSols_irr_organique;20.72;0.0;17.98;0.0;19.36;82.85;60.76;0.13;0.04;0;9.68;0;-202.9;0.12;0.01;0.0;20.72
2019;213;274;sudouest_31_1;solnu;;0.94;0.0;44.19;0.0;0.0;35.0;78.03;0.2;0.03;0;0;0;-491.07;0.17;0.03;0.0;0.94
2019;275;365;sudouest_31_1;CP;ble_tousSols_irr_mineral;17.68;0.0;24.51;0.0;44.88;78.64;39.85;0.1;0.02;0;16.62;0;-276.31;0.08;0.01;0.0;17.68
2019;213;278;sudouest_32_1;solnu;;0.94;0.0;46.04;0.0;0.0;35.0;79.86;0.21;0.03;0;0;0;-511.5;0.18;0.03;0.0;0.94
2019;279;365;sudouest_32_1;orgeh;orgeH_tousSols_irr_mineral;18.96;0.0;22.67;0.0;38.87;80.18;44.56;0.11;0.03;0;19.43;0;-255.96;0.1;0.01;0.0;18.96
2019;213;303;sudouest_33_1;solnu;;9.37;0.0;54.71;0.0;0.0;35.0;79.95;0.33;0.05;0;0;0;-608.95;0.3;0.03;0.0;9.37
2019;304;365;sudouest_33_1;CP;ble_tousSols_nonirr_organique;14.81;0.0;13.98;0.0;8.29;77.56;70.73;0.08;0.01;0;3.07;0;-158.22;0.07;0.01;0.0;14.81
2019;213;261;sudouest_34_1;solnu;;0.48;0.0;37.38;0.0;0.0;35.0;71.7;0.18;0.03;0;0;0;-410.54;0.15;0.02;0.0;0.48
2019;262;365;sudouest_34_1;orgeh;orgeH_tousSols_nonirr_organique;14.58;0.0;31.34;0.0;62.02;72.64;26.37;0.06;0.0;0;31.01;0;-356.99;0.04;0.02;0.0;14.58
2019;213;287;sudouest_35_1;solnu;;0.94;0.0;49.42;0.0;0.0;35.0;83.24;0.21;0.03;0;0;0;-550.36;0.18;0.03;0.0;0.94
2019;288;365;sudouest_35_1;CP;ble_tousSols_nonirr_mineral;21.23;0.0;19.27;0.0;25.36;82.88;55.73;0.15;0.04;0;9.39;0;-216.88;0.14;0.01;0.0;21.23
2019;213;272;sudouest_36_1;solnu;;0.51;0.0;43.12;0.0;0.0;35.0;77.4;0.19;0.03;0;0;0;-477.33;0.16;0.03;0.0;0.51
2019;273;365;sudouest_36_1;orgeh;orgeH_tousSols_nonirr_mineral;17.63;0.0;25.59;0.0;47.76;78.13;37.48;0.1;0.02;0;23.88;0;-290.19;0.08;0.02;0.0;17.63
2019;213;302;sudouest_37_1;solnu;;16.51;0.0;47.27;0.0;0.0;35.0;27.28;9.35;29.13;0;0;0;-517.21;9.32;0.03;0.0;16.51
2019;303;365;sudouest_37_1;CP;ble_tousSols_irr_organique;10.79;0.0;12.1;0.0;8.65;27.56;19.93;0.01;0.0;0;3.2;0;-134.13;0.0;0.01;0.0;10.79
2019;213;268;sudouest_38_1;solnu;;6.16;0.0;35.88;0.0;0.0;35.0;33.93;8.04;22.74;0;0;0;-389.7;8.02;0.02;0.0;6.16
2019;269;365;sudouest_38_1;orgeh;orgeH_tousSols_irr_organique;13.68;0.0;23.51;0.0;37.75;34.38;3.52;0.55;1.95;0;18.87;0;-261.86;0.54;0.01;0.0;13.68
2019;213;283;sudouest_39_1;solnu;;6.44;0.0;41.85;0.0;0.0;35.0;34.41;8.99;27.01;0;0;0;-458.02;8.97;0.03;0.0;6.44
2019;284;365;sudouest_39_1;CP;ble_tousSols_irr_mineral;14.94;0.0;17.53;0.0;29.26;34.24;5.85;0.37;1.52;0;10.84;0;-193.38;0.35;0.01;0.0;14.94
2019;213;302;sudouest_40_1;solnu;;16.51;0.0;47.27;0.0;0.0;35.0;27.28;9.35;29.13;0;0;0;-517.21;9.32;0.03;0.0;16.51
2019;303;365;sudouest_40_1;orgeh;orgeH_tousSols_irr_mineral;10.79;0.0;12.1;0.0;8.65;27.56;19.93;0.01;0.0;0;4.32;0;-134.13;0.0;0.01;0.0;10.79
2019;213;277;sudouest_41_1;solnu;;2.34;0.0;37.18;0.0;0.0;35.0;53.08;11.29;5.47;0;0;0;-406.07;11.27;0.02;0.0;2.34
2019;278;365;sudouest_41_1;CP;ble_tousSols_nonirr_organique;13.61;0.0;18.44;0.0;37.93;53.17;16.86;2.11;1.01;0;14.05;0;-204.13;2.1;0.01;0.0;13.61
2019;213;283;sudouest_42_1;solnu;;2.34;0.0;39.05;0.0;0.0;35.0;53.9;12.2;5.6;0;0;0;-427.32;12.18;0.02;0.0;2.34
2019;284;365;sudouest_42_1;orgeh;orgeH_tousSols_nonirr_organique;15.31;0.0;16.57;0.0;31.17;54.1;20.64;1.8;1.56;0;15.58;0;-182.86;1.79;0.01;0.0;15.31
2019;213;277;sudouest_43_1;solnu;;2.34;0.0;37.18;0.0;0.0;35.0;53.08;11.29;5.47;0;0;0;-406.08;11.27;0.02;0.0;2.34
2019;278;365;sudouest_43_1;CP;ble_tousSols_nonirr_mineral;13.61;0.0;18.44;0.0;38.09;53.17;16.7;2.11;1.01;0;14.11;0;-204.14;2.1;0.01;0.0;13.61
2019;213;284;sudouest_44_1;solnu;;2.34;0.0;39.39;0.0;0.0;35.0;54.1;12.36;5.6;0;0;0;-429.51;12.33;0.02;0.0;2.34
2019;285;365;sudouest_44_1;orgeh;orgeH_tousSols_nonirr_mineral;15.58;0.0;16.23;0.0;29.86;54.19;21.56;1.71;1.62;0;14.93;0;-180.66;1.7;0.01;0.0;15.58
2019;213;268;sudouest_45_1;solnu;;2.08;0.0;33.41;0.0;0.0;35.0;52.14;9.52;4.67;0;0;0;-362.86;9.5;0.02;0.0;2.08
2019;269;365;sudouest_45_1;CP;ble_tousSols_irr_organique;12.52;0.0;22.22;0.0;45.04;52.27;13.19;2.65;0.97;0;16.68;0;-247.45;2.64;0.01;0.0;12.52
2019;213;318;sudouest_46_1;solnu;;14.54;0.0;48.4;0.0;0.0;35.0;44.61;15.25;9.0;0;0;0;-529.37;15.22;0.03;0.0;14.54
2019;319;365;sudouest_46_1;orgeh;orgeH_tousSols_irr_organique;6.28;0.0;7.21;0.0;3.78;44.82;39.76;0.82;1.19;0;1.89;0;-80.72;0.82;0.0;0.0;6.28
2019;213;289;sudouest_47_1;solnu;;2.68;0.0;40.69;0.0;0.0;35.0;54.14;12.99;5.88;0;0;0;-445.46;12.97;0.02;0.0;2.68
2019;290;365;sudouest_47_1;CP;ble_tousSols_irr_mineral;16.51;0.0;14.92;0.0;22.36;53.35;27.1;1.3;1.78;0;8.28;0;-164.66;1.29;0.01;0.0;16.51
2019;213;260;sudouest_48_1;solnu;;2.08;0.0;29.92;0.0;0.0;35.0;50.58;8.0;4.25;0;0;0;-324.7;7.99;0.02;0.0;2.08
2019;261;365;sudouest_48_1;orgeh;orgeH_tousSols_irr_mineral;12.4;0.0;25.73;0.0;48.7;50.79;11.27;2.84;1.11;0;24.35;0;-285.83;2.83;0.02;0.0;12.4
2019;213;263;copie_sudouest_1_1;solnu;;6.18;0.0;34.08;0.0;0.0;35.0;34.22;7.54;21.14;0;0;0;-368.97;7.52;0.02;0.0;6.18
2019;264;365;copie_sudouest_1_1;loliumPerenne;loliumPerenne_TousSols_min;0.06;0.0;25.31;0.0;43.58;34.57;15.88;0.02;0.0;0;0;40.63;-282.59;0.0;0.02;0.0;0.06
2019;213;308;copie_sudouest_2_1;solnu;;21.88;0.0;48.98;0.0;0.0;35.0;23.62;9.35;29.13;0;0;0;-536.92;9.32;0.03;0.0;21.88
2019;309;365;copie_sudouest_2_1;maisT;mais_tousSols_nonirr_mineral;5.52;0.0;10.39;0.0;0.0;23.99;28.48;0.01;0.0;0;0.0;0;-114.41;0.0;0.01;0.0;5.52
2019;213;269;copie_beauce_8_1;solnu;;0.0;0.0;21.51;0.0;0.0;35.0;43.43;8.86;4.22;0;0;0;-233.72;8.85;0.01;0.0;0.0
2019;270;365;copie_beauce_8_1;loliumPerenne;loliumPerenne_TousSols_irr_min;0.0;0.0;14.85;0.0;42.5;43.57;15.03;0.62;0.13;0;0;65.2;-165.42;0.61;0.01;0.0;0.0
2019;213;317;copie_oceanique_1_1;solnu;;0.0;0.0;27.72;0.0;0.0;35.0;62.62;0.08;0.01;0;0;0;-305.82;0.07;0.02;0.0;0.0
2019;318;365;copie_oceanique_1_1;CP;ble_tousSols_nonirr_organique;7.23;0.0;8.73;0.0;3.74;62.73;60.29;0.08;0.0;0;1.38;0;-99.7;0.08;0.01;0.0;7.23
2019;213;275;copie_oceanique_5_1;solnu;;0.0;0.0;19.0;0.0;0.0;35.0;52.88;1.13;0.0;0;0;0;-207.0;1.12;0.01;0.0;0.0
2019;276;365;copie_oceanique_5_1;CP;ble_tousSols_nonirr_organique;6.42;0.0;14.52;0.0;36.16;53.05;23.23;0.82;0.77;0;13.39;0;-159.65;0.81;0.01;0.0;6.42
2019;213;287;copie_sudouest_18_1;solnu;;0.94;0.0;49.42;0.0;0.0;35.0;83.24;0.21;0.03;0;0;0;-550.36;0.18;0.03;0.0;0.94
2019;288;365;copie_sudouest_18_1;maisT;mais_tousSols_nonirr_mineral;23.36;0.0;19.26;0.0;14.98;82.88;63.92;0.2;0.04;0;4.86;0;-216.86;0.19;0.01;0.0;23.36
2019;213;273;copie_sudouest_22_1;solnu;;2.08;0.0;35.73;0.0;0.0;35.0;53.12;10.61;4.92;0;0;0;-386.54;10.59;0.02;0.0;2.08
2019;274;365;copie_sudouest_22_1;maisT;mais_tousSols_nonirr_mineral;18.53;0.0;19.89;0.0;20.12;52.83;26.49;4.16;3.71;0;6.53;0;-223.65;4.15;0.01;0.0;18.53
2019;213;279;copie_beauce_10_1;solnu;;0.0;0.0;19.82;0.0;0.0;35.0;54.37;0.45;0.0;0;0;0;-216.88;0.44;0.01;0.0;0.0
2019;280;365;copie_beauce_10_1;orgeh;orgeH_tousSols_nonirr_mineral;0.86;0.0;11.42;0.0;22.8;54.56;35.86;3.8;2.47;0;11.4;0;-126.01;3.8;0.01;0.0;0.86
2019;213;284;copie_beauce_44_1;solnu;;0.0;0.0;20.49;0.0;0.0;35.0;55.04;0.45;0.0;0;0;0;-224.44;0.44;0.01;0.0;0.0
2019;285;365;copie_beauce_44_1;maisT;mais_tousSols_irr_organique;0.91;0.0;10.74;0.0;0.0;55.14;55.77;5.78;3.32;0;0.0;0;-118.41;5.78;0.01;0.0;0.91
2019;213;269;copie_oceanique_14_1;solnu;;0.0;0.0;20.82;0.0;0.0;35.0;40.88;8.87;6.07;0;0;0;-224.97;8.86;0.01;0.0;0.0
2019;270;365;copie_oceanique_14_1;maisT;mais_tousSols_nonirr_organique;13.96;0.0;17.6;0.0;20.96;40.79;11.67;4.49;7.4;0;6.81;0;-195.47;4.48;0.01;0.0;13.96
2020;1;347;sudouest_1_1;maisT;mais_tousSols_nonirr_organique;29.81;0.0;111.95;0.0;78.96;28.64;23.98;0.89;6.8;0;25.64;0;-1231.3;0.82;0.07;0.0;29.81
2020;348;366;sudouest_1_1;solnu;;0.21;0.0;1.99;-9.61;0.0;23.98;16.14;0.0;0.0;0;0;0;-20.36;0.0;0.0;0.0;0.21
2020;1;115;beauce_1_1;orgeh;orgeH_tousSols_nonirr_organique;2.98;0.0;14.8;0.0;38.5;28.27;1.62;0.01;0.0;0;31.22;0;-161.54;0.0;0.01;0.0;2.98
2020;116;366;beauce_1_1;solnu;;0.51;0.0;68.86;-11.67;0.0;1.62;22.12;8.88;27.26;0;0;0;-650.0;8.84;0.04;0.0;0.51
2020;1;269;sudouest_2_1;maisT;mais_tousSols_nonirr_mineral;14.97;0.0;93.87;0.0;78.27;28.63;19.93;1.07;8.1;0;25.41;0;-1025.94;1.02;0.06;0.0;14.97
2020;270;366;sudouest_2_1;solnu;;6.32;0.0;20.33;-29.73;0.0;19.93;4.2;0.0;0.0;0;0;0;-168.73;0.0;0.0;0.0;6.32
2020;1;297;sudouest_3_1;maisT;mais_tousSols_irr_organique;43.72;0.0;114.5;0.0;96.78;79.13;52.56;0.27;0.1;0;31.42;0;-1280.19;0.2;0.07;0.0;43.72
2020;298;366;sudouest_3_1;solnu;;6.69;0.0;12.78;-19.41;0.0;52.56;39.33;0.0;0.0;0;0;0;-121.72;0.0;0.0;0.0;6.69
2020;1;157;sudouest_4_1;maisT;mais_tousSols_irr_mineral;23.78;0.0;40.14;0.0;47.43;67.19;34.83;0.03;0.0;0;19.13;0;-444.76;0.0;0.02;0.0;23.78
2020;158;366;sudouest_4_1;solnu;;29.33;0.0;92.87;-21.37;0.0;34.83;77.0;0.3;0.11;0;0;0;-851.22;0.26;0.05;0.0;29.33
2020;1;303;sudouest_5_1;maisT;mais_tousSols_nonirr_organique;39.98;0.0;117.73;0.0;90.23;68.28;55.66;0.27;0.1;0;32.67;0;-1318.05;0.2;0.07;0.0;39.98
2020;304;366;sudouest_5_1;solnu;;6.86;0.0;11.21;-19.56;0.0;55.66;40.44;0.0;0.0;0;0;0;-104.32;0.0;0.0;0.0;6.86
2020;1;283;beauce_2_1;orgeh;orgeH_tousSols_nonirr_mineral;3.51;0.0;74.36;0.0;64.53;32.84;20.23;3.99;14.97;0;35.0;0;-816.14;3.95;0.04;0.0;3.51
2020;284;366;beauce_2_1;solnu;;0.68;0.0;11.61;-15.08;0.0;20.23;16.07;0.0;0.0;0;0;0;-108.12;0.0;0.0;0.0;0.68
2020;1;229;sudouest_6_1;maisT;mais_tousSols_nonirr_mineral;20.24;0.0;80.0;0.0;84.45;55.74;30.82;0.05;0.0;0;35.13;0;-888.58;0.0;0.05;0.0;20.24
2020;230;366;sudouest_6_1;solnu;;12.58;0.0;51.33;-25.18;0.0;30.82;44.22;0.1;0.06;0;0;0;-436.78;0.08;0.02;0.0;12.58
2020;1;196;sudouest_7_1;maisT;mais_tousSols_irr_organique;14.86;0.0;53.47;0.0;65.05;28.64;0.51;0.03;0.0;0;21.12;0;-582.03;0.0;0.03;0.0;14.86
2020;197;366;sudouest_7_1;solnu;;7.02;0.0;59.01;-26.38;0.0;0.51;26.08;0.02;0.0;0;0;0;-503.51;0.0;0.02;0.0;7.02
2020;1;146;sudouest_8_1;maisT;mais_tousSols_irr_mineral;14.59;0.0;30.72;0.0;41.45;28.64;3.14;0.02;0.0;0;13.46;0;-336.85;0.0;0.02;0.0;14.59
2020;147;366;sudouest_8_1;solnu;;13.81;0.0;83.52;-22.01;0.0;3.14;30.21;3.58;17.04;0;0;0;-729.22;3.54;0.04;0.0;13.81
2020;1;171;sudouest_9_1;maisT;mais_tousSols_nonirr_organique;12.2;0.0;38.86;0.0;45.0;24.8;6.28;0.02;0.0;0;22.12;0;-422.4;0.0;0.02;0.0;12.2
2020;172;366;sudouest_9_1;solnu;;10.92;0.0;71.33;-23.47;0.0;6.28;33.03;4.9;5.29;0;0;0;-604.32;4.87;0.03;0.0;10.92
2020;1;147;beauce_3_1;orgeh;orgeH_tousSols_irr_organique;3.6;0.0;26.03;0.0;61.24;64.29;25.42;0.06;0.0;0;32.38;0;-289.85;0.05;0.02;0.0;3.6
2020;148;366;beauce_3_1;solnu;;5.73;0.0;77.66;-11.5;0.0;25.42;85.61;0.24;0.0;0;0;0;-765.09;0.19;0.04;0.0;5.73
2020;1;209;beauce_4_1;orgeh;orgeH_tousSols_irr_mineral;1.77;0.0;59.02;0.0;48.59;29.15;37.76;0.05;0.0;0;43.58;0;-656.82;0.02;0.04;0.0;1.77
2020;210;366;beauce_4_1;solnu;;4.07;0.0;50.75;-13.21;0.0;37.76;70.99;0.24;0.01;0;0;0;-488.03;0.21;0.02;0.0;4.07
2020;1;181;beauce_5_1;orgeh;orgeH_tousSols_nonirr_organique;1.7;0.0;43.77;0.0;45.02;25.35;22.36;0.04;0.0;0;43.73;0;-484.46;0.02;0.03;0.0;1.7
2020;182;366;beauce_5_1;solnu;;3.72;0.0;64.89;-11.93;0.0;22.36;71.36;0.24;0.0;0;0;0;-632.67;0.2;0.03;0.0;3.72
2020;1;147;beauce_6_1;orgeh;orgeH_tousSols_nonirr_mineral;2.71;0.0;26.25;0.0;50.55;44.88;17.81;0.05;0.0;0;36.73;0;-292.19;0.03;0.02;0.0;2.71
2020;148;366;beauce_6_1;solnu;;4.56;0.0;77.69;-11.38;0.0;17.81;79.33;0.24;0.0;0;0;0;-763.92;0.2;0.04;0.0;4.56
2020;1;327;beauce_7_1;orgeh;orgeH_tousSols_irr_organique;3.09;0.0;85.06;0.0;52.56;25.84;22.0;5.95;27.33;0;39.98;0;-935.53;5.9;0.05;0.0;3.09
2020;328;366;beauce_7_1;solnu;;0.91;0.0;4.5;-9.66;0.0;22.0;15.94;0.0;0.0;0;0;0;-44.03;0.0;0.0;0.0;0.91
2020;1;213;beauce_8_1;orgeh;orgeH_tousSols_irr_mineral;2.87;0.0;47.82;0.0;49.1;23.59;19.44;0.03;0.0;0;39.65;0;-522.03;0.0;0.03;0.0;2.87
2020;214;366;beauce_8_1;solnu;;0.59;0.0;40.4;-13.87;0.0;19.44;22.55;4.8;18.04;0;0;0;-370.14;4.78;0.02;0.0;0.59
2020;1;341;sudouest_10_1;maisT;mais_tousSols_nonirr_mineral;25.6;0.0;107.47;0.0;69.26;27.85;28.79;5.84;5.69;0;28.24;0;-1182.58;5.77;0.06;0.0;25.6
2020;342;366;sudouest_10_1;solnu;;0.24;0.0;3.0;-13.35;0.0;28.79;18.21;0.0;0.0;0;0;0;-28.81;0.0;0.0;0.0;0.24
2020;1;156;sudouest_11_1;maisT;mais_tousSols_irr_organique;17.13;0.0;32.09;0.0;40.91;42.35;13.87;0.4;0.55;0;13.28;0;-350.82;0.38;0.02;0.0;17.13
2020;157;366;sudouest_11_1;solnu;;18.59;0.0;79.75;-21.96;0.0;13.87;38.89;8.04;6.68;0;0;0;-688.76;8.0;0.04;0.0;18.59
2020;1;248;oceanique_1_1;CP;ble_tousSols_nonirr_organique;10.13;0.0;79.29;0.0;49.23;24.22;43.99;0.14;0.05;0;34.28;0;-883.79;0.09;0.05;0.0;10.13
2020;249;366;oceanique_1_1;solnu;;12.12;0.0;30.89;-20.39;0.0;43.99;42.18;0.09;0.09;0;0;0;-282.56;0.08;0.01;0.0;12.12
2020;1;205;oceanique_2_1;CP;ble_tousSols_nonirr_mineral;9.95;0.0;45.69;0.0;53.96;23.34;5.14;0.03;0.0;0;23.22;0;-501.24;0.0;0.03;0.0;9.95
2020;206;366;oceanique_2_1;solnu;;5.22;0.0;44.71;-18.86;0.0;5.14;25.39;0.02;0.36;0;0;0;-392.34;0.0;0.02;0.0;5.22
2020;1;176;sudouest_12_1;maisT;mais_tousSols_irr_mineral;16.3;0.0;41.35;0.0;52.53;38.22;10.96;0.02;0.0;0;18.41;0;-447.07;0.0;0.02;0.0;16.3
2020;177;366;sudouest_12_1;solnu;;13.25;0.0;69.11;-24.1;0.0;10.96;34.2;4.14;4.4;0;0;0;-589.68;4.11;0.03;0.0;13.25
2020;1;217;sudouest_13_1;maisT;mais_tousSols_nonirr_organique;15.2;0.0;62.08;0.0;73.58;28.64;0.25;0.04;0.0;0;23.89;0;-680.56;0.0;0.04;0.0;15.2
2020;218;366;sudouest_13_1;solnu;;2.82;0.0;50.58;-27.96;0.0;0.25;20.03;0.02;0.0;0;0;0;-427.15;0.0;0.02;0.0;2.82
2020;1;350;sudouest_14_1;maisT;mais_tousSols_nonirr_mineral;21.7;0.0;115.42;0.0;63.44;10.1;23.96;2.63;13.63;0;26.79;0;-1270.06;2.56;0.07;0.0;21.7
2020;351;366;sudouest_14_1;solnu;;0.24;0.0;1.68;-8.32;0.0;23.96;17.08;0.0;0.0;0;0;0;-16.82;0.0;0.0;0.0;0.24
2020;1;179;sudouest_15_1;maisT;mais_tousSols_irr_organique;20.42;0.0;52.68;0.0;61.9;56.4;25.04;0.03;0.0;0;27.55;0;-583.48;0.0;0.03;0.0;20.42
2020;180;366;sudouest_15_1;solnu;;19.66;0.0;78.06;-23.1;0.0;25.04;60.33;0.2;0.09;0;0;0;-701.45;0.16;0.04;0.0;19.66
2020;1;241;sudouest_16_1;maisT;mais_tousSols_irr_mineral;20.94;0.0;89.05;0.0;84.52;55.86;39.17;0.1;0.0;0;35.08;0;-982.97;0.04;0.05;0.0;20.94
2020;242;366;sudouest_16_1;solnu;;13.15;0.0;42.5;-26.13;0.0;39.17;42.24;0.09;0.06;0;0;0;-363.8;0.07;0.02;0.0;13.15
2020;1;171;oceanique_3_1;CP;ble_tousSols_nonirr_organique;3.38;0.0;31.87;0.0;33.27;6.37;0.36;0.02;0.0;0;26.88;0;-348.35;0.0;0.02;0.0;3.38
2020;172;366;oceanique_3_1;solnu;;9.51;0.0;58.31;-17.48;0.0;0.36;28.43;0.19;3.06;0;0;0;-524.12;0.16;0.03;0.0;9.51
2020;1;208;oceanique_4_1;CP;ble_tousSols_nonirr_mineral;5.29;0.0;58.32;0.0;39.47;14.49;27.99;0.07;0.01;0;34.58;0;-650.56;0.04;0.03;0.0;5.29
2020;209;366;oceanique_4_1;solnu;;11.9;0.0;52.26;-17.47;0.0;27.99;50.53;0.19;0.15;0;0;0;-480.67;0.17;0.02;0.0;11.9
2020;1;122;sudouest_17_1;maisT;mais_tousSols_nonirr_organique;14.89;0.0;26.04;0.0;27.79;61.07;44.23;0.02;0.0;0;14.89;0;-291.24;0.0;0.02;0.0;14.89
2020;123;366;sudouest_17_1;solnu;;41.23;0.0;105.15;-20.42;0.0;44.23;87.23;0.37;0.12;0;0;0;-974.48;0.32;0.05;0.0;41.23
2020;1;278;beauce_9_1;orgeh;orgeH_tousSols_nonirr_organique;2.91;0.0;77.85;0.0;34.28;15.85;35.63;14.07;6.84;0;41.59;0;-854.79;14.03;0.05;0.0;2.91
2020;279;366;beauce_9_1;solnu;;1.67;0.0;11.93;-15.27;0.0;35.63;24.63;3.48;2.5;0;0;0;-108.2;3.48;0.0;0.0;1.67
2020;1;366;oceanique_5_1;CP;ble_tousSols_nonirr_organique;26.1;0.0;87.89;0.0;63.23;42.12;28.62;6.43;5.74;0;25.96;0;-968.16;6.38;0.05;0.0;26.1
2020;1;174;sudouest_18_1;maisT;mais_tousSols_nonirr_mineral;21.25;0.0;48.98;0.0;58.43;58.37;27.45;0.03;0.0;0;25.77;0;-545.62;0.0;0.03;0.0;21.25
2020;175;366;sudouest_18_1;solnu;;21.54;0.0;80.93;-22.64;0.0;27.45;63.88;0.22;0.1;0;0;0;-727.4;0.18;0.04;0.0;21.54
2020;1;125;sudouest_19_1;maisT;mais_tousSols_irr_organique;7.66;0.0;23.3;0.0;26.43;14.77;4.22;0.01;0.0;0;12.93;0;-254.81;0.0;0.01;0.0;7.66
2020;126;366;sudouest_19_1;solnu;;15.33;0.0;90.56;-21.38;0.0;4.22;29.9;4.85;23.33;0;0;0;-798.6;4.81;0.04;0.0;15.33
2020;1;132;sudouest_20_1;maisT;mais_tousSols_irr_mineral;12.92;0.0;25.78;0.0;36.51;25.5;2.1;0.02;0.0;0;12.73;0;-282.66;0.0;0.02;0.0;12.92
2020;133;366;sudouest_20_1;solnu;;13.34;0.0;88.11;-22.0;0.0;2.1;29.84;4.78;20.26;0;0;0;-775.12;4.74;0.04;0.0;13.34
2020;1;231;sudouest_21_1;maisT;mais_tousSols_nonirr_organique;17.53;0.0;64.15;0.0;81.33;42.38;4.98;1.35;1.26;0;26.41;0;-701.25;1.31;0.04;0.0;17.53
2020;232;366;sudouest_21_1;solnu;;2.87;0.0;42.37;-29.39;0.0;4.98;15.07;0.01;0.0;0;0;0;-354.92;0.0;0.01;0.0;2.87
2020;1;188;sudouest_22_1;maisT;mais_tousSols_nonirr_mineral;9.36;0.0;48.37;0.0;54.25;19.35;2.43;0.03;0.0;0;28.16;0;-527.26;0.0;0.03;0.0;9.36
2020;189;366;sudouest_22_1;solnu;;6.78;0.0;63.02;-25.0;0.0;2.43;28.7;2.36;2.79;0;0;0;-525.48;2.33;0.03;0.0;6.78
2020;1;170;sudouest_23_1;maisT;mais_tousSols_irr_organique;17.3;0.0;37.99;0.0;49.12;42.36;12.89;0.4;0.55;0;15.95;0;-415.12;0.38;0.02;0.0;17.3
2020;171;366;sudouest_23_1;solnu;;15.44;0.0;72.53;-23.71;0.0;12.89;36.02;4.95;5.3;0;0;0;-619.35;4.92;0.03;0.0;15.44
2020;1;272;oceanique_6_1;CP;ble_tousSols_nonirr_mineral;15.79;0.0;73.98;0.0;44.78;21.62;23.17;6.82;5.09;0;30.75;0;-809.64;6.77;0.04;0.0;15.79
2020;273;366;oceanique_6_1;solnu;;3.65;0.0;15.56;-20.73;0.0;23.17;14.39;0.0;0.0;0;0;0;-139.82;0.0;0.0;0.0;3.65
2020;1;231;beauce_10_1;orgeh;orgeH_tousSols_nonirr_mineral;2.36;0.0;52.7;0.0;55.66;34.9;24.84;3.33;1.53;0;39.74;0;-577.51;3.3;0.03;0.0;2.36
2020;232;366;beauce_10_1;solnu;;1.06;0.0;31.32;-14.73;0.0;24.84;27.45;8.11;4.81;0;0;0;-280.57;8.1;0.01;0.0;1.06
2020;1;200;beauce_11_1;orgeh;orgeH_tousSols_irr_organique;2.14;0.0;42.34;0.0;48.34;27.08;18.46;0.53;0.0;0;41.17;0;-462.53;0.51;0.03;0.0;2.14
2020;201;366;beauce_11_1;solnu;;1.0;0.0;42.8;-13.23;0.0;18.46;31.74;10.15;5.13;0;0;0;-388.08;10.13;0.02;0.0;1.0
2020;1;129;beauce_12_1;orgeh;orgeH_tousSols_irr_mineral;2.55;0.0;16.73;0.0;43.18;47.01;13.24;1.86;1.57;0;26.23;0;-179.78;1.85;0.01;0.0;2.55
2020;130;366;beauce_12_1;solnu;;2.43;0.0;62.48;-12.18;0.0;13.24;44.33;12.19;5.25;0;0;0;-588.52;12.16;0.03;0.0;2.43
2020;1;103;sudouest_24_1;maisT;mais_tousSols_irr_mineral;7.02;0.0;16.56;0.0;18.13;24.11;15.36;0.01;0.0;0;13.79;0;-180.74;0.0;0.01;0.0;7.02
2020;104;366;sudouest_24_1;solnu;;23.21;0.0;93.32;-21.02;0.0;15.36;41.27;13.71;9.48;0;0;0;-816.79;13.67;0.05;0.0;23.21
2020;1;351;beauce_13_1;CP;ble_tousSols_nonirr_organique;3.8;0.0;83.31;0.0;66.07;33.01;21.35;4.48;20.65;0;26.55;0;-917.26;4.43;0.05;0.0;3.8
2020;352;366;beauce_13_1;solnu;;0.3;0.0;1.44;-5.26;0.0;21.35;17.24;0.0;0.0;0;0;0;-13.14;0.0;0.0;0.0;0.3
2020;1;111;beauce_14_1;maisT;mais_tousSols_nonirr_organique;3.21;0.0;13.55;0.0;25.74;35.28;16.82;0.21;2.68;0;8.36;0;-145.63;0.2;0.01;0.0;3.21
2020;112;366;beauce_14_1;solnu;;4.43;0.0;69.8;-24.01;0.0;16.82;34.07;5.34;18.77;0;0;0;-605.99;5.3;0.03;0.0;4.43
2020;1;101;beauce_15_1;maisT;mais_tousSols_nonirr_organique;3.12;0.0;11.73;0.0;21.22;28.13;15.81;0.01;0.0;0;11.42;0;-128.59;0.0;0.01;0.0;3.12
2020;102;366;beauce_15_1;solnu;;4.19;0.0;71.66;-23.89;0.0;15.81;33.11;5.66;20.61;0;0;0;-615.16;5.63;0.03;0.0;4.19
2020;1;177;beauce_16_1;maisT;mais_tousSols_nonirr_mineral;3.35;0.0;32.0;0.0;42.53;35.24;9.8;2.34;9.01;0;13.81;0;-350.83;2.32;0.02;0.0;3.35
2020;178;366;beauce_16_1;solnu;;2.38;0.0;47.68;-29.39;0.0;9.8;25.7;0.01;0.0;0;0;0;-407.17;0.0;0.01;0.0;2.38
2020;1;216;beauce_17_1;CP;ble_tousSols_nonirr_mineral;3.07;0.0;45.62;0.0;64.76;32.23;10.02;0.03;0.0;0;29.76;0;-499.07;0.0;0.03;0.0;3.07
2020;217;366;beauce_17_1;solnu;;0.53;0.0;38.62;-18.99;0.0;10.02;22.56;0.47;6.1;0;0;0;-333.04;0.46;0.02;0.0;0.53
2020;1;111;beauce_18_1;maisT;mais_tousSols_nonirr_mineral;3.21;0.0;13.55;0.0;25.74;35.28;16.82;0.21;2.68;0;8.36;0;-145.63;0.2;0.01;0.0;3.21
2020;112;366;beauce_18_1;solnu;;4.43;0.0;69.8;-24.01;0.0;16.82;34.07;5.34;18.77;0;0;0;-605.99;5.3;0.03;0.0;4.43
2020;1;146;beauce_19_1;CP;ble_tousSols_irr_organique;3.6;0.0;25.81;0.0;61.58;64.02;24.59;0.06;0.0;0;24.21;0;-287.12;0.05;0.02;0.0;3.6
2020;147;366;beauce_19_1;solnu;;5.39;0.0;77.04;-16.01;0.0;24.59;80.02;0.21;0.0;0;0;0;-732.98;0.17;0.04;0.0;5.39
2020;1;181;beauce_20_1;maisT;mais_tousSols_irr_organique;3.52;0.0;33.52;0.0;63.16;63.98;29.51;0.08;0.0;0;21.64;0;-374.19;0.06;0.02;0.0;3.52
2020;182;366;beauce_20_1;solnu;;2.74;0.0;47.58;-29.0;0.0;29.51;46.05;0.04;0.0;0;0;0;-425.49;0.03;0.01;0.0;2.74
2020;1;233;beauce_21_1;maisT;mais_tousSols_irr_organique;3.98;0.0;45.94;0.0;79.18;68.0;30.46;0.12;0.0;0;25.71;0;-512.44;0.09;0.03;0.0;3.98
2020;234;366;beauce_21_1;solnu;;2.27;0.0;38.07;-30.0;0.0;30.46;36.25;0.02;0.0;0;0;0;-342.63;0.01;0.01;0.0;2.27
2020;1;230;beauce_22_1;maisT;mais_tousSols_irr_mineral;4.0;0.0;45.62;0.0;77.91;68.0;31.38;0.12;0.0;0;25.3;0;-506.97;0.09;0.03;0.0;4.0
2020;231;366;beauce_22_1;solnu;;2.37;0.0;38.84;-29.94;0.0;31.38;37.9;0.02;0.0;0;0;0;-351.82;0.01;0.01;0.0;2.37
2020;1;118;beauce_23_1;CP;ble_tousSols_irr_mineral;2.83;0.0;18.16;0.0;39.4;44.66;20.55;0.04;0.0;0;23.17;0;-201.97;0.03;0.01;0.0;2.83
2020;119;366;beauce_23_1;solnu;;5.18;0.0;84.92;-15.34;0.0;20.55;84.7;0.24;0.0;0;0;0;-812.15;0.2;0.04;0.0;5.18
2020;1;164;beauce_24_1;maisT;mais_tousSols_irr_mineral;3.77;0.0;29.15;0.0;57.32;67.96;35.69;0.09;0.0;0;18.61;0;-324.66;0.07;0.02;0.0;3.77
2020;165;366;beauce_24_1;solnu;;5.35;0.0;61.67;-26.67;0.0;35.69;65.26;0.1;0.0;0;0;0;-551.13;0.08;0.02;0.0;5.35
2020;1;320;beauce_25_1;CP;ble_tousSols_nonirr_organique;3.89;0.0;101.0;0.0;57.75;29.92;69.02;0.26;0.01;0;35.44;0;-1130.35;0.2;0.06;0.0;3.89
2020;321;366;beauce_25_1;solnu;;2.68;0.0;6.03;-14.09;0.0;69.02;58.22;0.06;0.0;0;0;0;-59.54;0.06;0.0;0.0;2.68
2020;1;313;beauce_26_1;maisT;mais_tousSols_nonirr_organique;5.59;0.0;78.07;0.0;105.41;67.99;34.71;0.15;0.01;0;34.22;0;-874.34;0.1;0.05;0.0;5.59
2020;314;366;beauce_26_1;solnu;;1.93;0.0;7.13;-18.31;0.0;34.71;21.59;0.0;0.0;0;0;0;-66.02;0.0;0.0;0.0;1.93
2020;1;243;beauce_27_1;maisT;mais_tousSols_nonirr_organique;3.62;0.0;51.64;0.0;91.28;66.25;23.16;0.09;0.0;0;30.03;0;-571.26;0.06;0.03;0.0;3.62
2020;244;366;beauce_27_1;solnu;;1.85;0.0;32.75;-29.79;0.0;23.16;24.27;0.01;0.0;0;0;0;-303.22;0.0;0.01;0.0;1.85
2020;1;152;beauce_28_1;maisT;mais_tousSols_nonirr_mineral;3.92;0.0;27.35;0.0;40.19;68.0;49.67;0.11;0.0;0;13.05;0;-304.32;0.09;0.02;0.0;3.92
2020;153;366;beauce_28_1;solnu;;7.98;0.0;73.51;-23.67;0.0;49.67;91.33;0.18;0.0;0;0;0;-657.51;0.15;0.04;0.0;7.98
2020;1;104;beauce_29_1;CP;ble_tousSols_nonirr_mineral;1.39;0.0;14.49;0.0;24.57;24.7;13.2;0.02;0.0;0;25.07;0;-161.92;0.01;0.01;0.0;1.39
2020;105;366;beauce_29_1;solnu;;4.47;0.0;88.73;-14.92;0.0;13.2;82.28;0.26;0.0;0;0;0;-849.09;0.21;0.05;0.0;4.47
2020;1;257;beauce_30_1;maisT;mais_tousSols_nonirr_mineral;3.98;0.0;62.69;0.0;100.14;68.0;26.24;0.13;0.0;0;32.51;0;-698.69;0.09;0.04;0.0;3.98
2020;258;366;beauce_30_1;solnu;;2.11;0.0;22.13;-22.75;0.0;26.24;23.5;0.0;0.0;0;0;0;-214.95;0.0;0.0;0.0;2.11
2020;1;176;beauce_31_1;CP;ble_tousSols_irr_organique;2.58;0.0;34.38;0.0;40.32;13.66;5.15;0.02;0.0;0;30.41;0;-376.37;0.0;0.02;0.0;2.58
2020;177;366;beauce_31_1;solnu;;0.48;0.0;53.42;-17.37;0.0;5.15;22.26;3.74;14.71;0;0;0;-469.73;3.72;0.03;0.0;0.48
2020;1;120;beauce_32_1;maisT;mais_tousSols_irr_organique;3.66;0.0;15.5;0.0;24.17;35.29;16.77;0.81;5.22;0;7.85;0;-169.77;0.8;0.01;0.0;3.66
2020;121;366;beauce_32_1;solnu;;4.09;0.0;68.26;-24.44;0.0;16.77;33.94;4.95;17.6;0;0;0;-589.8;4.92;0.03;0.0;4.09
2020;1;228;beauce_33_1;maisT;mais_tousSols_irr_organique;3.44;0.0;48.31;0.0;68.27;35.24;1.22;1.99;7.6;0;22.17;0;-527.97;1.96;0.03;0.0;3.44
2020;229;366;beauce_33_1;solnu;;0.07;0.0;33.45;-30.26;0.0;1.22;4.32;0.01;0.0;0;0;0;-290.87;0.0;0.01;0.0;0.07
2020;1;259;beauce_34_1;maisT;mais_tousSols_irr_mineral;3.82;0.0;67.2;0.0;78.05;24.78;10.39;0.04;0.0;0;32.0;0;-736.99;0.0;0.04;0.0;3.82
2020;260;366;beauce_34_1;solnu;;0.12;0.0;18.33;-28.01;0.0;10.39;0.57;0.0;0.0;0;0;0;-150.67;0.0;0.0;0.0;0.12
2020;1;98;beauce_35_1;CP;ble_tousSols_irr_mineral;2.4;0.0;11.44;0.0;20.64;12.77;1.2;0.01;0.0;0;23.21;0;-123.49;0.0;0.01;0.0;2.4
2020;99;366;beauce_35_1;solnu;;0.46;0.0;72.11;-15.97;0.0;1.2;22.08;7.85;26.95;0;0;0;-655.87;7.82;0.04;0.0;0.46
2020;1;193;beauce_36_1;maisT;mais_tousSols_irr_mineral;3.66;0.0;37.72;0.0;61.25;35.29;0.4;0.83;5.22;0;19.89;0;-410.77;0.8;0.02;0.0;3.66
2020;194;366;beauce_36_1;solnu;;0.19;0.0;40.8;-30.15;0.0;0.4;10.97;0.01;0.0;0;0;0;-351.33;0.0;0.01;0.0;0.19
2020;1;111;beauce_37_1;CP;ble_tousSols_nonirr_organique;1.88;0.0;12.88;0.0;28.13;29.83;10.13;0.58;0.59;0;21.57;0;-138.45;0.57;0.01;0.0;1.88
2020;112;366;beauce_37_1;solnu;;2.14;0.0;65.54;-16.59;0.0;10.13;41.35;11.24;5.11;0;0;0;-590.8;11.21;0.03;0.0;2.14
2020;1;288;beauce_38_1;maisT;mais_tousSols_nonirr_organique;2.53;0.0;63.16;0.0;96.58;55.79;7.47;8.79;3.58;0;31.36;0;-694.03;8.75;0.04;0.0;2.53
2020;289;366;beauce_38_1;solnu;;0.49;0.0;9.94;-13.03;0.0;7.47;3.89;0.0;0.0;0;0;0;-94.28;0.0;0.0;0.0;0.49
2020;1;232;beauce_39_1;maisT;mais_tousSols_nonirr_organique;2.61;0.0;43.6;0.0;72.49;42.37;7.08;2.47;1.74;0;28.06;0;-476.63;2.44;0.03;0.0;2.61
2020;233;366;beauce_39_1;solnu;;0.49;0.0;30.73;-30.03;0.0;7.08;7.29;0.0;0.0;0;0;0;-266.94;0.0;0.0;0.0;0.49
2020;1;157;beauce_40_1;maisT;mais_tousSols_nonirr_mineral;2.57;0.0;22.5;0.0;37.95;40.42;17.69;2.25;1.66;0;17.58;0;-245.96;2.23;0.01;0.0;2.57
2020;158;366;beauce_40_1;solnu;;2.66;0.0;51.47;-19.03;0.0;17.69;39.23;5.38;3.29;0;0;0;-418.27;5.36;0.02;0.0;2.66
2020;1;141;beauce_41_1;CP;ble_tousSols_nonirr_mineral;2.52;0.0;19.53;0.0;50.11;51.02;12.76;2.13;1.7;0;20.33;0;-212.4;2.12;0.01;0.0;2.52
2020;142;366;beauce_41_1;solnu;;2.18;0.0;58.65;-17.36;0.0;12.76;39.95;8.33;4.31;0;0;0;-525.06;8.3;0.03;0.0;2.18
2020;1;193;beauce_42_1;maisT;mais_tousSols_nonirr_mineral;2.82;0.0;32.65;0.0;60.51;55.77;15.61;5.4;2.58;0;19.65;0;-356.35;5.38;0.02;0.0;2.82
2020;194;366;beauce_42_1;solnu;;1.61;0.0;36.01;-23.48;0.0;15.61;27.21;0.01;0.0;0;0;0;-297.07;0.0;0.01;0.0;1.61
2020;1;168;beauce_43_1;CP;ble_tousSols_irr_organique;2.51;0.0;26.99;0.0;63.23;49.84;7.56;2.04;1.66;0;25.67;0;-292.23;2.03;0.02;0.0;2.51
2020;169;366;beauce_43_1;solnu;;1.23;0.0;52.21;-18.11;0.0;7.56;30.9;6.04;3.51;0;0;0;-463.69;6.01;0.02;0.0;1.23
2020;1;297;beauce_44_1;maisT;mais_tousSols_irr_organique;3.13;0.0;64.89;0.0;95.13;55.79;11.8;7.22;3.39;0;30.89;0;-712.64;7.18;0.04;0.0;3.13
2020;298;366;beauce_44_1;solnu;;0.54;0.0;8.41;-15.31;0.0;11.8;4.36;0.0;0.0;0;0;0;-76.98;0.0;0.0;0.0;0.54
2020;1;116;beauce_45_1;maisT;mais_tousSols_irr_organique;2.72;0.0;14.1;0.0;28.04;55.77;29.52;5.58;2.66;0;9.1;0;-152.95;5.57;0.01;0.0;2.72
2020;117;366;beauce_45_1;solnu;;3.9;0.0;65.11;-24.66;0.0;29.52;51.82;9.51;4.73;0;0;0;-547.72;9.48;0.03;0.0;3.9
2020;1;101;beauce_46_1;maisT;mais_tousSols_irr_mineral;2.13;0.0;11.06;0.0;25.0;42.37;22.51;2.45;1.74;0;12.65;0;-121.22;2.45;0.01;0.0;2.13
2020;102;366;beauce_46_1;solnu;;3.69;0.0;67.53;-22.98;0.0;22.51;48.69;9.77;4.89;0;0;0;-567.98;9.74;0.03;0.0;3.69
2020;1;180;beauce_47_1;CP;ble_tousSols_irr_mineral;2.35;0.0;32.03;0.0;61.57;36.92;2.92;1.15;1.08;0;30.71;0;-349.33;1.13;0.02;0.0;2.35
2020;181;366;beauce_47_1;solnu;;0.6;0.0;48.11;-18.68;0.0;2.92;24.16;4.46;3.13;0;0;0;-422.95;4.44;0.02;0.0;0.6
2020;1;131;beauce_48_1;maisT;mais_tousSols_irr_mineral;2.67;0.0;17.12;0.0;25.25;55.79;32.51;7.43;3.45;0;8.2;0;-186.17;7.42;0.01;0.0;2.67
2020;132;366;beauce_48_1;solnu;;3.9;0.0;60.99;-24.87;0.0;32.51;51.43;8.81;4.48;0;0;0;-508.81;8.79;0.03;0.0;3.9
2020;1;231;oceanique_7_1;orgeh;orgeH_tousSols_nonirr_organique;14.57;0.0;69.4;0.0;49.1;36.02;41.61;0.12;0.06;0;39.63;0;-775.94;0.08;0.04;0.0;14.57
2020;232;366;oceanique_7_1;solnu;;9.62;0.0;40.38;-14.32;0.0;41.61;43.92;0.14;0.11;0;0;0;-386.0;0.13;0.02;0.0;9.62
2020;1;127;oceanique_8_1;maisT;mais_tousSols_nonirr_organique;14.81;0.0;21.67;0.0;23.17;64.08;46.39;0.06;0.01;0;7.52;0;-241.89;0.05;0.01;0.0;14.81
2020;128;366;oceanique_8_1;solnu;;34.52;0.0;86.82;-23.01;0.0;46.39;75.28;0.23;0.17;0;0;0;-802.09;0.19;0.04;0.0;34.52
2020;1;173;oceanique_9_1;maisT;mais_tousSols_nonirr_organique;20.63;0.0;39.02;0.0;44.79;64.08;37.49;0.07;0.01;0;14.54;0;-432.27;0.05;0.02;0.0;20.63
2020;174;366;oceanique_9_1;solnu;;21.5;0.0;69.26;-25.17;0.0;37.49;59.83;0.15;0.1;0;0;0;-625.8;0.12;0.03;0.0;21.5
2020;1;215;oceanique_10_1;maisT;mais_tousSols_nonirr_mineral;13.17;0.0;49.15;0.0;54.53;20.42;0.33;0.03;0.0;0;21.42;0;-538.17;0.0;0.03;0.0;13.17
2020;216;366;oceanique_10_1;solnu;;0.6;0.0;40.91;-30.22;0.0;0.33;10.43;0.01;0.0;0;0;0;-350.48;0.0;0.01;0.0;0.6
2020;1;191;oceanique_11_1;orgeh;orgeH_tousSols_nonirr_mineral;10.82;0.0;41.02;0.0;53.11;25.86;2.97;0.02;0.0;0;29.55;0;-448.93;0.0;0.02;0.0;10.82
2020;192;366;oceanique_11_1;solnu;;9.13;0.0;49.6;-13.22;0.0;2.97;28.17;0.13;1.92;0;0;0;-461.48;0.11;0.02;0.0;9.13
2020;1;152;oceanique_12_1;maisT;mais_tousSols_nonirr_mineral;3.33;0.0;23.12;0.0;25.5;35.24;16.81;2.4;9.37;0;8.28;0;-252.63;2.39;0.01;0.0;3.33
2020;153;366;oceanique_12_1;solnu;;4.22;0.0;58.34;-27.17;0.0;16.81;34.19;0.72;8.84;0;0;0;-502.11;0.69;0.02;0.0;4.22
2020;1;109;oceanique_13_1;orgeh;orgeH_tousSols_nonirr_organique;4.12;0.0;14.54;0.0;16.8;7.55;1.19;0.01;0.0;0;26.65;0;-160.47;0.0;0.01;0.0;4.12
2020;110;366;oceanique_13_1;solnu;;12.07;0.0;74.91;-11.22;0.0;1.19;28.83;6.75;17.23;0;0;0;-712.45;6.71;0.04;0.0;12.07
2020;1;187;oceanique_14_1;maisT;mais_tousSols_nonirr_organique;17.14;0.0;39.35;0.0;52.17;30.62;0.63;0.02;0.0;0;17.29;0;-431.4;0.0;0.02;0.0;17.14
2020;188;366;oceanique_14_1;solnu;;2.02;0.0;50.37;-28.48;0.0;0.63;20.49;0.02;0.0;0;0;0;-426.51;0.0;0.02;0.0;2.02
2020;1;114;oceanique_15_1;maisT;mais_tousSols_nonirr_organique;10.73;0.0;15.66;0.0;20.0;23.65;8.56;0.01;0.0;0;9.12;0;-172.14;0.0;0.01;0.0;10.73
2020;115;366;oceanique_15_1;solnu;;18.24;0.0;73.79;-23.25;0.0;8.56;29.45;2.22;9.2;0;0;0;-639.76;2.18;0.03;0.0;18.24
2020;1;117;oceanique_16_1;maisT;mais_tousSols_nonirr_mineral;13.77;0.0;19.34;0.0;21.93;59.44;43.02;0.04;0.01;0;8.58;0;-216.97;0.03;0.01;0.0;13.77
2020;118;366;oceanique_16_1;solnu;;33.71;0.0;89.19;-22.68;0.0;43.02;75.41;0.24;0.18;0;0;0;-822.09;0.2;0.04;0.0;33.71
2020;1;102;oceanique_17_1;orgeh;orgeH_tousSols_nonirr_mineral;5.1;0.0;15.84;0.0;20.4;22.63;12.97;0.01;0.01;0;32.67;0;-177.66;0.0;0.01;0.0;5.1
2020;103;366;oceanique_17_1;solnu;;23.65;0.0;92.63;-10.4;0.0;12.97;71.03;0.31;0.22;0;0;0;-921.1;0.26;0.05;0.0;23.65
2020;1;140;oceanique_18_1;maisT;mais_tousSols_nonirr_mineral;19.37;0.0;25.89;0.0;27.07;64.09;43.35;0.07;0.01;0;8.79;0;-288.64;0.05;0.02;0.0;19.37
2020;141;366;oceanique_18_1;solnu;;29.19;0.0;82.59;-23.42;0.0;43.35;72.96;0.21;0.16;0;0;0;-758.05;0.17;0.04;0.0;29.19
2020;1;228;oceanique_19_1;orgeh;orgeH_tousSols_nonirr_organique;11.24;0.0;54.77;0.0;43.31;27.2;22.1;3.8;1.57;0;36.2;0;-595.92;3.77;0.03;0.0;11.24
2020;229;366;oceanique_19_1;solnu;;8.61;0.0;34.43;-14.34;0.0;22.1;27.07;2.75;3.75;0;0;0;-315.32;2.74;0.01;0.0;8.61
2020;1;257;oceanique_20_1;maisT;mais_tousSols_nonirr_organique;18.58;0.0;65.03;0.0;87.39;46.51;4.99;0.24;0.43;0;28.99;0;-711.33;0.2;0.04;0.0;18.58
2020;258;366;oceanique_20_1;solnu;;2.27;0.0;21.23;-21.7;0.0;4.99;2.24;0.0;0.0;0;0;0;-200.7;0.0;0.0;0.0;2.27
2020;1;248;oceanique_21_1;maisT;mais_tousSols_nonirr_organique;19.1;0.0;60.29;0.0;79.3;48.51;6.46;1.02;1.42;0;25.75;0;-659.76;0.98;0.04;0.0;19.1
2020;249;366;oceanique_21_1;solnu;;3.55;0.0;25.61;-25.72;0.0;6.46;3.25;0.0;0.0;0;0;0;-235.12;0.0;0.0;0.0;3.55
2020;1;323;oceanique_22_1;maisT;mais_tousSols_nonirr_mineral;22.72;0.0;80.66;0.0;90.38;48.5;14.02;0.78;1.24;0;29.34;0;-887.48;0.73;0.05;0.0;22.72
2020;324;366;oceanique_22_1;solnu;;0.54;0.0;5.57;-15.29;0.0;14.02;3.47;0.0;0.0;0;0;0;-52.21;0.0;0.0;0.0;0.54
2020;1;104;oceanique_23_1;orgeh;orgeH_tousSols_nonirr_mineral;5.91;0.0;12.91;0.0;18.41;18.51;6.63;0.01;0.0;0;30.58;0;-142.37;0.0;0.01;0.0;5.91
2020;105;366;oceanique_23_1;solnu;;14.74;0.0;73.72;-11.0;0.0;6.63;36.05;11.42;7.38;0;0;0;-696.01;11.38;0.04;0.0;14.74
2020;1;312;oceanique_24_1;maisT;mais_tousSols_nonirr_mineral;22.34;0.0;78.71;0.0;91.0;48.51;11.5;0.99;1.38;0;29.54;0;-867.01;0.94;0.05;0.0;22.34
2020;313;366;oceanique_24_1;solnu;;0.56;0.0;7.43;-15.9;0.0;11.5;2.46;0.0;0.0;0;0;0;-67.56;0.0;0.0;0.0;0.56
2020;1;366;sudouest_25_1;CP;ble_tousSols_nonirr_organique;19.06;0.0;119.14;0.0;38.21;5.56;25.59;12.14;29.73;0;25.25;0;-1310.31;12.07;0.07;0.0;19.06
2020;1;309;sudouest_26_1;orgeh;orgeH_tousSols_nonirr_organique;15.84;0.0;107.5;0.0;50.47;20.75;22.92;10.46;28.59;0;29.11;0;-1181.29;10.4;0.06;0.0;15.84
2020;310;366;sudouest_26_1;solnu;;5.03;0.0;8.78;-13.82;0.0;22.92;12.85;0.0;0.0;0;0;0;-84.95;0.0;0.0;0.0;5.03
2020;1;290;sudouest_27_1;CP;ble_tousSols_nonirr_mineral;8.67;0.0;104.22;0.0;40.72;7.73;22.07;11.19;29.34;0;24.47;0;-1146.58;11.13;0.06;0.0;8.67
2020;291;366;sudouest_27_1;solnu;;7.91;0.0;13.53;-20.35;0.0;22.07;7.37;0.0;0.0;0;0;0;-119.56;0.0;0.0;0.0;7.91
2020;1;190;sudouest_28_1;orgeh;orgeH_tousSols_nonirr_mineral;2.34;0.0;52.33;0.0;34.25;5.63;19.11;1.02;1.26;0;32.06;0;-570.41;0.99;0.03;0.0;2.34
2020;191;366;sudouest_28_1;solnu;;11.97;0.0;65.66;-11.59;0.0;19.11;28.34;6.49;26.38;0;0;0;-623.11;6.45;0.03;0.0;11.97
2020;1;120;sudouest_29_1;CP;ble_tousSols_irr_organique;12.15;0.0;25.71;0.0;39.89;51.97;25.61;0.02;0.0;0;25.83;0;-286.62;0.0;0.02;0.0;12.15
2020;121;366;sudouest_29_1;solnu;;33.2;0.0;105.43;-13.56;0.0;25.61;83.74;0.42;0.13;0;0;0;-1024.2;0.36;0.06;0.0;33.2
2020;1;127;sudouest_30_1;orgeh;orgeH_tousSols_irr_organique;14.0;0.0;28.11;0.0;43.48;60.75;30.26;0.02;0.01;0;31.42;0;-310.76;0.01;0.02;0.0;14.0
2020;128;366;sudouest_30_1;solnu;;36.71;0.0;102.94;-9.96;0.0;30.26;86.11;0.42;0.13;0;0;0;-1034.72;0.36;0.06;0.0;36.71
2020;1;110;sudouest_31_1;CP;ble_tousSols_irr_mineral;9.63;0.0;22.65;0.0;33.01;39.85;19.84;0.02;0.0;0;28.85;0;-253.15;0.0;0.01;0.0;9.63
2020;111;366;sudouest_31_1;solnu;;31.4;0.0;108.58;-13.31;0.0;19.84;83.15;0.43;0.13;0;0;0;-1054.99;0.37;0.06;0.0;31.4
2020;1;184;sudouest_32_1;orgeh;orgeH_tousSols_irr_mineral;16.37;0.0;58.11;0.0;49.66;44.55;36.58;0.05;0.0;0;44.26;0;-641.37;0.01;0.03;0.0;16.37
2020;185;366;sudouest_32_1;solnu;;26.65;0.0;79.65;-10.74;0.0;36.58;78.31;0.41;0.13;0;0;0;-789.21;0.37;0.04;0.0;26.65
2020;1;346;sudouest_33_1;CP;ble_tousSols_nonirr_organique;49.11;0.0;131.72;0.0;75.01;70.73;77.73;0.46;0.13;0;30.85;0;-1475.85;0.39;0.08;0.0;49.11
2020;347;366;sudouest_33_1;solnu;;0.71;0.0;2.36;-7.4;0.0;77.73;71.98;0.0;0.0;0;0;0;-24.49;0.0;0.0;0.0;0.71
2020;1;138;sudouest_34_1;orgeh;orgeH_tousSols_nonirr_organique;9.09;0.0;33.04;0.0;36.14;26.37;14.14;0.03;0.01;0;49.08;0;-364.14;0.01;0.02;0.0;9.09
2020;139;366;sudouest_34_1;solnu;;25.53;0.0;99.16;-9.55;0.0;14.14;77.67;0.42;0.13;0;0;0;-990.19;0.37;0.06;0.0;25.53
2020;1;123;sudouest_35_1;CP;ble_tousSols_nonirr_mineral;12.92;0.0;26.67;0.0;41.32;55.72;26.75;0.02;0.0;0;24.69;0;-294.4;0.01;0.02;0.0;12.92
2020;124;366;sudouest_35_1;solnu;;33.83;0.0;104.42;-13.67;0.0;26.75;83.41;0.41;0.13;0;0;0;-1017.35;0.36;0.06;0.0;33.83
2020;1;226;sudouest_36_1;orgeh;orgeH_tousSols_nonirr_mineral;14.38;0.0;89.31;0.0;45.54;37.48;66.72;0.15;0.01;0;46.65;0;-994.9;0.09;0.05;0.0;14.38
2020;227;366;sudouest_36_1;solnu;;27.79;0.0;52.94;-12.77;0.0;66.72;78.57;0.4;0.13;0;0;0;-509.96;0.38;0.03;0.0;27.79
2020;1;138;sudouest_37_1;CP;ble_tousSols_irr_organique;7.11;0.0;27.65;0.0;38.8;19.9;1.65;0.02;0.0;0;17.57;0;-299.42;0.0;0.02;0.0;7.11
2020;139;366;sudouest_37_1;solnu;;11.79;0.0;86.01;-14.85;0.0;1.65;28.52;6.23;26.26;0;0;0;-802.8;6.18;0.05;0.0;11.79
2020;1;255;sudouest_38_1;orgeh;orgeH_tousSols_irr_organique;2.71;0.0;98.92;0.0;28.12;3.48;23.83;8.83;38.95;0;32.93;0;-1078.17;8.77;0.06;0.0;2.71
2020;256;366;sudouest_38_1;solnu;;13.6;0.0;27.34;-15.5;0.0;23.83;22.07;0.01;0.0;0;0;0;-256.28;0.0;0.01;0.0;13.6
2020;1;361;sudouest_39_1;CP;ble_tousSols_irr_mineral;18.96;0.0;118.11;0.0;38.2;5.82;25.04;12.22;29.54;0;24.98;0;-1300.1;12.15;0.07;0.0;18.96
2020;362;366;sudouest_39_1;solnu;;0.0;0.0;0.71;-2.69;0.0;25.04;23.06;0.0;0.0;0;0;0;-6.62;0.0;0.0;0.0;0.0
2020;1;138;sudouest_40_1;orgeh;orgeH_tousSols_irr_mineral;7.17;0.0;27.7;0.0;38.18;19.89;1.1;0.02;0.0;0;23.41;0;-299.93;0.0;0.02;0.0;7.17
2020;139;366;sudouest_40_1;solnu;;11.7;0.0;86.24;-10.73;0.0;1.1;27.82;8.31;28.78;0;0;0;-836.5;8.26;0.05;0.0;11.7
2020;1;113;sudouest_41_1;CP;ble_tousSols_nonirr_organique;5.46;0.0;19.22;0.0;26.51;16.82;4.1;0.01;0.0;0;23.87;0;-210.97;0.0;0.01;0.0;5.46
2020;114;366;sudouest_41_1;solnu;;16.02;0.0;90.65;-14.04;0.0;4.1;38.89;15.79;10.01;0;0;0;-838.01;15.75;0.05;0.0;16.02
2020;1;281;sudouest_42_1;orgeh;orgeH_tousSols_nonirr_organique;17.02;0.0;99.85;0.0;40.24;20.59;34.43;18.74;10.06;0;35.7;0;-1097.26;18.68;0.06;0.0;17.02
2020;282;366;sudouest_42_1;solnu;;8.52;0.0;14.87;-15.86;0.0;34.43;24.91;0.0;0.0;0;0;0;-134.33;0.0;0.0;0.0;8.52
2020;1;315;sudouest_43_1;CP;ble_tousSols_nonirr_mineral;19.82;0.0;108.7;0.0;41.26;16.85;34.0;18.79;11.53;0;29.39;0;-1194.63;18.72;0.07;0.0;19.82
2020;316;366;sudouest_43_1;solnu;;4.05;0.0;7.13;-16.07;0.0;34.0;21.01;0.0;0.0;0;0;0;-66.46;0.0;0.0;0.0;4.05
2020;1;298;sudouest_44_1;orgeh;orgeH_tousSols_nonirr_mineral;21.4;0.0;103.91;0.0;40.59;21.52;34.14;18.92;10.41;0;35.23;0;-1142.65;18.85;0.06;0.0;21.4
2020;299;366;sudouest_44_1;solnu;;5.48;0.0;10.62;-14.96;0.0;34.14;24.31;0.0;0.0;0;0;0;-97.91;0.0;0.0;0.0;5.48
2020;1;216;sudouest_45_1;CP;ble_tousSols_irr_organique;5.68;0.0;67.69;0.0;36.34;13.15;28.04;8.33;2.48;0;30.14;0;-738.24;8.29;0.04;0.0;5.68
2020;217;366;sudouest_45_1;solnu;;10.1;0.0;50.84;-16.72;0.0;28.04;32.7;10.7;8.67;0;0;0;-445.52;10.67;0.03;0.0;10.1
2020;1;154;sudouest_46_1;orgeh;orgeH_tousSols_irr_organique;15.71;0.0;31.55;0.0;49.39;39.72;5.15;0.02;0.0;0;26.59;0;-343.87;0.0;0.02;0.0;15.71
2020;155;366;sudouest_46_1;solnu;;14.64;0.0;79.76;-10.75;0.0;5.15;36.97;13.49;9.25;0;0;0;-764.2;13.45;0.04;0.0;14.64
2020;1;249;sudouest_47_1;CP;ble_tousSols_irr_mineral;11.89;0.0;82.41;0.0;51.1;27.06;33.7;9.13;3.68;0;27.21;0;-899.17;9.08;0.05;0.0;11.89
2020;250;366;sudouest_47_1;solnu;;6.8;0.0;30.09;-20.06;0.0;33.7;26.31;4.05;3.13;0;0;0;-258.98;4.04;0.01;0.0;6.8
2020;1;169;sudouest_48_1;orgeh;orgeH_tousSols_irr_mineral;5.15;0.0;38.75;0.0;27.86;11.23;16.11;0.58;0.32;0;38.28;0;-423.61;0.55;0.02;0.0;5.15
2020;170;366;sudouest_48_1;solnu;;15.77;0.0;76.09;-10.39;0.0;16.11;38.39;17.35;10.3;0;0;0;-721.34;17.31;0.04;0.0;15.77
2020;1;366;copie_sudouest_1_1;loliumPerenne;loliumPerenne_TousSols_min;0.09;0.0;110.65;8.09;118.77;16.03;15.68;0.07;0.0;0;0;33.12;-687.79;0.0;0.07;0.0;0.09
2020;1;298;copie_sudouest_2_1;maisT;mais_tousSols_nonirr_mineral;23.82;0.0;102.72;0.0;78.76;28.64;20.4;0.92;7.3;0;25.57;0;-1129.56;0.86;0.06;0.0;23.82
2020;299;366;copie_sudouest_2_1;solnu;;4.7;0.0;11.35;-19.94;0.0;20.4;7.1;0.0;0.0;0;0;0;-101.0;0.0;0.0;0.0;4.7
2020;1;366;copie_beauce_8_1;loliumPerenne;loliumPerenne_TousSols_irr_min;0.0;0.0;82.58;12.99;94.19;15.19;16.36;0.06;0.0;0;0;37.29;-543.99;0.0;0.06;0.0;0.0
2020;1;312;copie_oceanique_1_1;CP;ble_tousSols_nonirr_organique;32.57;0.0;100.25;0.0;73.54;60.24;54.04;0.22;0.17;0;28.62;0;-1124.44;0.16;0.06;0.0;32.57
2020;313;366;copie_oceanique_1_1;solnu;;6.22;0.0;8.98;-17.32;0.0;54.04;39.46;0.02;0.01;0;0;0;-86.85;0.02;0.0;0.0;6.22
2020;1;145;copie_oceanique_5_1;CP;ble_tousSols_nonirr_organique;9.56;0.0;21.75;0.0;32.79;23.18;2.61;0.01;0.0;0;25.54;0;-239.19;0.0;0.01;0.0;9.56
2020;146;366;copie_oceanique_5_1;solnu;;8.62;0.0;64.99;-16.24;0.0;2.61;31.22;6.31;5.22;0;0;0;-581.04;6.27;0.03;0.0;8.62
2020;1;123;copie_sudouest_18_1;maisT;mais_tousSols_nonirr_mineral;15.38;0.0;26.61;0.0;28.43;63.69;45.21;0.02;0.0;0;14.09;0;-293.69;0.0;0.02;0.0;15.38
2020;124;366;copie_sudouest_18_1;solnu;;42.69;0.0;104.58;-18.87;0.0;45.21;88.29;0.38;0.12;0;0;0;-973.02;0.33;0.05;0.0;42.69
2020;1;109;copie_sudouest_22_1;maisT;mais_tousSols_nonirr_mineral;8.72;0.0;18.01;0.0;19.28;26.64;16.48;0.01;0.0;0;12.79;0;-196.73;0.0;0.01;0.0;8.72
2020;110;366;copie_sudouest_22_1;solnu;;23.43;0.0;91.85;-21.27;0.0;16.48;41.32;13.06;9.25;0;0;0;-804.28;13.02;0.05;0.0;23.43
2020;1;115;copie_beauce_10_1;orgeh;orgeH_tousSols_nonirr_mineral;2.32;0.0;13.94;0.0;33.17;35.73;12.19;1.08;1.05;0;27.98;0;-152.14;1.07;0.01;0.0;2.32
2020;116;366;copie_beauce_10_1;solnu;;2.19;0.0;65.05;-11.87;0.0;12.19;44.42;13.34;5.44;0;0;0;-610.08;13.31;0.03;0.0;2.19
2020;1;142;copie_beauce_44_1;maisT;mais_tousSols_irr_organique;2.78;0.0;19.53;0.0;37.95;55.78;25.42;6.21;2.93;0;12.32;0;-213.84;6.2;0.01;0.0;2.78
2020;143;366;copie_beauce_44_1;solnu;;3.48;0.0;54.94;-26.26;0.0;25.42;43.35;4.2;3.07;0;0;0;-459.28;4.18;0.02;0.0;3.48
2020;1;246;copie_oceanique_14_1;maisT;mais_tousSols_nonirr_organique;9.12;0.0;63.43;0.0;64.0;11.79;0.7;0.04;0.0;0;27.58;0;-693.26;0.0;0.04;0.0;9.12
2020;247;366;copie_oceanique_14_1;solnu;;0.13;0.0;27.8;-28.17;0.0;0.7;0.2;0.0;0.0;0;0;0;-253.57;0.0;0.0;0.0;0.13
2021;1;365;sudouest_1_1;solnu;;31.31;0.0;110.39;-7.89;0.0;15.41;13.89;23.35;50.09;0;0;0;-972.16;23.28;0.07;0.0;31.31
2021;1;365;beauce_1_1;solnu;;17.68;0.0;80.76;3.42;0.0;21.29;28.03;18.5;42.1;0;0;0;-851.48;18.45;0.05;0.0;17.68
2021;1;365;sudouest_2_1;solnu;;29.89;0.0;110.5;13.28;0.0;4.42;13.75;24.91;59.43;0;0;0;-1023.96;24.83;0.07;0.0;29.89
2021;1;365;sudouest_3_1;solnu;;71.1;0.0;117.84;2.47;0.0;39.48;87.87;0.53;0.13;0;0;0;-1088.39;0.46;0.07;0.0;71.1
2021;1;365;sudouest_4_1;solnu;;99.06;0.0;117.8;6.55;0.0;77.38;101.55;0.59;0.16;0;0;0;-1255.63;0.52;0.07;0.0;99.06
2021;1;365;sudouest_5_1;solnu;;71.71;0.0;117.66;2.8;0.0;40.6;88.54;0.53;0.13;0;0;0;-1085.34;0.46;0.07;0.0;71.71
2021;1;365;beauce_2_1;solnu;;15.74;0.0;80.6;5.8;0.0;15.19;27.42;18.48;40.83;0;0;0;-777.24;18.43;0.05;0.0;15.74
2021;1;365;sudouest_6_1;solnu;;78.32;0.0;117.87;10.71;0.0;44.62;93.71;0.61;0.16;0;0;0;-1204.7;0.53;0.08;0.0;78.32
2021;1;365;sudouest_7_1;solnu;;47.89;0.0;110.68;10.49;0.0;26.45;13.78;24.69;60.9;0;0;0;-1109.6;24.61;0.07;0.0;47.89
2021;1;365;sudouest_8_1;solnu;;51.24;0.0;110.64;6.38;0.0;30.55;13.68;23.99;58.32;0;0;0;-1154.1;23.92;0.07;0.0;51.24
2021;1;365;sudouest_9_1;solnu;;54.86;0.0;106.48;7.79;0.0;33.24;36.26;38.84;17.36;0;0;0;-1092.31;38.77;0.07;0.0;54.86
2021;1;365;beauce_3_1;solnu;;50.35;0.0;91.86;3.61;0.0;82.71;130.12;0.47;0.15;0;0;0;-990.58;0.42;0.06;0.0;50.35
2021;1;365;beauce_4_1;solnu;;43.73;0.0;91.36;5.25;0.0;68.88;123.26;0.47;0.15;0;0;0;-963.47;0.41;0.06;0.0;43.73
2021;1;365;beauce_5_1;solnu;;43.55;0.0;91.49;4.18;0.0;69.29;122.86;0.47;0.14;0;0;0;-977.76;0.41;0.06;0.0;43.55
2021;1;365;beauce_6_1;solnu;;47.16;0.0;91.85;3.56;0.0;76.84;126.97;0.48;0.14;0;0;0;-990.33;0.42;0.06;0.0;47.16
2021;1;365;beauce_7_1;solnu;;15.66;0.0;80.48;0.11;0.0;14.59;27.63;17.57;35.67;0;0;0;-762.77;17.52;0.05;0.0;15.66
2021;1;365;beauce_8_1;solnu;;18.08;0.0;80.61;5.52;0.0;21.65;28.15;18.99;43.45;0;0;0;-822.97;18.94;0.05;0.0;18.08
2021;1;365;sudouest_10_1;solnu;;42.23;0.0;106.13;-4.51;0.0;18.25;33.83;31.04;12.73;0;0;0;-919.27;30.97;0.06;0.0;42.23
2021;1;365;sudouest_11_1;solnu;;59.4;0.0;106.38;6.29;0.0;39.09;36.73;38.28;17.17;0;0;0;-1105.78;38.21;0.07;0.0;59.4
2021;1;365;oceanique_1_1;solnu;;58.97;0.0;93.47;9.25;0.0;39.57;85.3;0.37;0.27;0;0;0;-936.98;0.31;0.06;0.0;58.97
2021;1;365;oceanique_2_1;solnu;;49.62;0.0;82.79;7.34;0.0;22.24;23.95;14.14;27.81;0;0;0;-831.53;14.09;0.05;0.0;49.62
2021;1;365;sudouest_12_1;solnu;;55.85;0.0;106.45;8.29;0.0;34.4;36.59;39.07;17.43;0;0;0;-1088.71;39.0;0.07;0.0;55.85
2021;1;365;sudouest_13_1;solnu;;43.89;0.0;110.66;11.99;0.0;20.4;13.82;24.75;60.22;0;0;0;-1088.97;24.68;0.07;0.0;43.89
2021;1;365;sudouest_14_1;solnu;;31.26;0.0;110.27;-9.17;0.0;16.3;13.88;23.21;49.84;0;0;0;-969.76;23.14;0.07;0.0;31.26
2021;1;365;sudouest_15_1;solnu;;88.43;0.0;118.03;8.23;0.0;60.72;97.41;0.6;0.16;0;0;0;-1237.39;0.52;0.08;0.0;88.43
2021;1;365;sudouest_16_1;solnu;;77.59;0.0;117.76;11.85;0.0;42.64;93.49;0.61;0.16;0;0;0;-1189.52;0.53;0.08;0.0;77.59
2021;1;365;oceanique_3_1;solnu;;52.64;0.0;82.84;6.12;0.0;24.02;23.93;13.67;27.16;0;0;0;-844.75;13.61;0.05;0.0;52.64
2021;1;365;oceanique_4_1;solnu;;63.67;0.0;93.56;6.88;0.0;47.53;86.65;0.37;0.27;0;0;0;-971.71;0.31;0.06;0.0;63.67
2021;1;365;sudouest_17_1;solnu;;105.67;0.0;117.99;5.42;0.0;87.6;104.23;0.59;0.16;0;0;0;-1256.02;0.52;0.07;0.0;105.67
2021;1;365;beauce_9_1;solnu;;21.14;0.0;78.68;6.29;0.0;23.19;50.57;26.0;11.9;0;0;0;-755.01;25.95;0.05;0.0;21.14
2021;1;2;oceanique_5_1;CP;ble_tousSols_nonirr_organique;3.1;0.0;0.31;0.0;0.0;25.8;25.33;0.0;0.13;0;25.96;0;-2.56;0.0;0.0;0.0;3.1
2021;3;365;oceanique_5_1;solnu;;31.04;0.0;80.45;-13.82;0.0;25.33;36.37;16.86;7.97;0;0;0;-722.13;16.81;0.05;0.0;31.04
2021;1;365;sudouest_18_1;solnu;;90.75;0.0;118.11;7.85;0.0;64.27;98.34;0.6;0.16;0;0;0;-1243.2;0.52;0.08;0.0;90.75
2021;1;365;sudouest_19_1;solnu;;51.04;0.0;110.67;5.69;0.0;30.24;13.65;23.57;57.98;0;0;0;-1147.15;23.5;0.07;0.0;51.04
2021;1;365;sudouest_20_1;solnu;;51.1;0.0;110.62;6.26;0.0;30.18;13.69;24.07;57.85;0;0;0;-1158.08;24.0;0.07;0.0;51.1
2021;1;365;sudouest_21_1;solnu;;42.7;0.0;106.56;13.17;0.0;15.41;35.27;39.9;16.92;0;0;0;-1024.48;39.83;0.07;0.0;42.7
2021;1;365;sudouest_22_1;solnu;;51.53;0.0;106.43;9.21;0.0;28.91;35.98;39.33;17.49;0;0;0;-1073.4;39.26;0.07;0.0;51.53
2021;1;365;sudouest_23_1;solnu;;57.43;0.0;106.44;7.88;0.0;36.23;36.68;38.87;17.37;0;0;0;-1094.17;38.8;0.07;0.0;57.43
2021;1;365;oceanique_6_1;solnu;;35.6;0.0;80.81;8.36;0.0;12.36;38.64;19.69;9.64;0;0;0;-748.12;19.63;0.05;0.0;35.6
2021;1;365;beauce_10_1;solnu;;20.6;0.0;78.99;6.31;0.0;26.39;50.4;28.3;13.45;0;0;0;-794.0;28.25;0.05;0.0;20.6
2021;1;365;beauce_11_1;solnu;;22.12;0.0;78.98;5.08;0.0;30.58;51.09;28.86;13.72;0;0;0;-810.3;28.81;0.05;0.0;22.12
2021;1;365;beauce_12_1;solnu;;29.05;0.0;79.19;3.85;0.0;42.09;54.99;29.39;13.94;0;0;0;-830.2;29.34;0.05;0.0;29.05
2021;1;365;sudouest_24_1;solnu;;61.06;0.0;106.52;5.0;0.0;41.45;36.75;37.9;17.07;0;0;0;-1108.71;37.84;0.07;0.0;61.06
2021;1;365;beauce_13_1;solnu;;14.71;0.0;80.64;-7.97;0.0;15.7;27.48;15.51;32.21;0;0;0;-731.07;15.47;0.05;0.0;14.71
2021;1;365;beauce_14_1;solnu;;27.96;0.0;80.97;7.39;0.0;30.12;29.36;19.46;45.65;0;0;0;-818.69;19.4;0.05;0.0;27.96
2021;1;365;beauce_15_1;solnu;;27.2;0.0;80.99;7.3;0.0;29.4;29.62;19.51;45.08;0;0;0;-819.49;19.46;0.05;0.0;27.2
2021;1;365;beauce_16_1;solnu;;22.71;0.0;81.03;11.85;0.0;23.17;28.72;20.18;46.97;0;0;0;-769.97;20.12;0.06;0.0;22.71
2021;1;365;beauce_17_1;solnu;;17.99;0.0;80.79;7.68;0.0;21.71;28.26;19.54;45.24;0;0;0;-803.95;19.48;0.05;0.0;17.99
2021;1;365;beauce_18_1;solnu;;27.96;0.0;80.97;7.39;0.0;30.12;29.36;19.46;45.65;0;0;0;-818.69;19.4;0.05;0.0;27.96
2021;1;365;beauce_19_1;solnu;;48.26;0.0;92.15;5.22;0.0;77.33;128.51;0.47;0.15;0;0;0;-979.14;0.42;0.06;0.0;48.26
2021;1;365;beauce_20_1;solnu;;36.08;0.0;93.97;12.43;0.0;44.19;115.79;0.43;0.14;0;0;0;-918.13;0.36;0.06;0.0;36.08
2021;1;365;beauce_21_1;solnu;;32.05;0.0;93.7;12.99;0.0;34.6;110.34;0.4;0.14;0;0;0;-892.24;0.34;0.06;0.0;32.05
2021;1;365;beauce_22_1;solnu;;32.82;0.0;93.67;13.01;0.0;36.18;111.21;0.4;0.14;0;0;0;-893.71;0.34;0.06;0.0;32.82
2021;1;365;beauce_23_1;solnu;;49.87;0.0;92.16;4.57;0.0;81.97;130.93;0.48;0.15;0;0;0;-986.35;0.43;0.06;0.0;49.87
2021;1;365;beauce_24_1;solnu;;43.85;0.0;93.33;10.45;0.0;62.76;124.59;0.45;0.15;0;0;0;-941.01;0.39;0.06;0.0;43.85
2021;1;365;beauce_25_1;solnu;;37.22;0.0;91.45;1.73;0.0;55.84;113.63;0.41;0.14;0;0;0;-867.08;0.35;0.06;0.0;37.22
2021;1;365;beauce_26_1;solnu;;21.62;0.0;93.34;0.04;0.0;20.31;92.91;0.31;0.12;0;0;0;-827.84;0.25;0.06;0.0;21.62
2021;1;365;beauce_27_1;solnu;;26.38;0.0;93.64;12.46;0.0;23.12;103.46;0.38;0.14;0;0;0;-874.85;0.32;0.06;0.0;26.38
2021;1;365;beauce_28_1;solnu;;54.67;0.0;92.64;7.99;0.0;87.81;136.67;0.48;0.15;0;0;0;-962.85;0.42;0.06;0.0;54.67
2021;1;365;beauce_29_1;solnu;;48.34;0.0;92.17;4.24;0.0;79.83;129.72;0.49;0.15;0;0;0;-989.38;0.43;0.06;0.0;48.34
2021;1;365;beauce_30_1;solnu;;23.85;0.0;93.49;4.24;0.0;22.14;96.91;0.33;0.13;0;0;0;-841.45;0.27;0.06;0.0;23.85
2021;1;365;beauce_31_1;solnu;;17.83;0.0;80.73;6.14;0.0;21.46;27.92;19.18;44.19;0;0;0;-821.79;19.13;0.05;0.0;17.83
2021;1;365;beauce_32_1;solnu;;27.86;0.0;80.94;7.73;0.0;30.02;29.7;19.75;45.3;0;0;0;-816.68;19.7;0.05;0.0;27.86
2021;1;365;beauce_33_1;solnu;;10.67;0.0;80.95;12.12;0.0;4.32;26.92;18.79;41.02;0;0;0;-727.7;18.73;0.06;0.0;10.67
2021;1;365;beauce_34_1;solnu;;8.85;0.0;80.79;9.7;0.0;0.53;26.49;18.26;37.47;0;0;0;-698.65;18.2;0.05;0.0;8.85
2021;1;365;beauce_35_1;solnu;;17.69;0.0;80.86;4.67;0.0;21.3;27.86;18.86;43.19;0;0;0;-841.5;18.81;0.05;0.0;17.69
2021;1;365;beauce_36_1;solnu;;13.42;0.0;81.05;12.48;0.0;10.72;27.39;19.46;44.23;0;0;0;-749.49;19.41;0.06;0.0;13.42
2021;1;365;beauce_37_1;solnu;;27.48;0.0;79.35;5.22;0.0;39.42;54.64;29.78;14.03;0;0;0;-819.18;29.73;0.05;0.0;27.48
2021;1;365;beauce_38_1;solnu;;9.03;0.0;79.46;-6.97;0.0;3.51;42.46;17.61;7.27;0;0;0;-651.53;17.57;0.05;0.0;9.03
2021;1;365;beauce_39_1;solnu;;14.36;0.0;79.56;11.71;0.0;6.77;48.34;25.05;10.81;0;0;0;-697.97;24.99;0.05;0.0;14.36
2021;1;365;beauce_40_1;solnu;;28.02;0.0;79.64;3.96;0.0;36.9;53.75;27.72;13.34;0;0;0;-781.41;27.67;0.05;0.0;28.02
2021;1;365;beauce_41_1;solnu;;27.5;0.0;79.32;5.96;0.0;37.92;54.61;29.31;13.82;0;0;0;-811.34;29.26;0.05;0.0;27.5
2021;1;365;beauce_42_1;solnu;;23.84;0.0;79.76;7.44;0.0;25.54;52.19;26.4;11.98;0;0;0;-737.84;26.35;0.05;0.0;23.84
2021;1;365;beauce_43_1;solnu;;22.59;0.0;79.3;6.62;0.0;29.61;51.78;28.81;13.63;0;0;0;-801.98;28.76;0.05;0.0;22.59
2021;1;365;beauce_44_1;solnu;;9.67;0.0;79.46;-4.9;0.0;3.93;43.52;18.14;7.59;0;0;0;-651.88;18.1;0.05;0.0;9.67
2021;1;365;beauce_45_1;solnu;;34.91;0.0;79.48;7.94;0.0;48.68;59.7;30.47;14.17;0;0;0;-802.02;30.41;0.05;0.0;34.91
2021;1;365;beauce_46_1;solnu;;32.78;0.0;79.51;6.66;0.0;45.86;58.04;30.0;14.05;0;0;0;-801.91;29.95;0.05;0.0;32.78
2021;1;365;beauce_47_1;solnu;;19.03;0.0;79.27;7.14;0.0;23.41;49.73;28.36;13.45;0;0;0;-793.66;28.31;0.05;0.0;19.03
2021;1;365;beauce_48_1;solnu;;34.9;0.0;79.5;8.25;0.0;48.27;59.75;30.4;14.13;0;0;0;-800.19;30.35;0.05;0.0;34.9
2021;1;365;oceanique_7_1;solnu;;58.89;0.0;93.33;6.19;0.0;41.38;83.93;0.37;0.27;0;0;0;-972.6;0.31;0.06;0.0;58.89
2021;1;365;oceanique_8_1;solnu;;81.05;0.0;94.09;7.17;0.0;70.11;94.85;0.38;0.27;0;0;0;-990.14;0.32;0.06;0.0;81.05
2021;1;365;oceanique_9_1;solnu;;71.11;0.0;94.11;9.19;0.0;56.01;91.37;0.38;0.27;0;0;0;-964.88;0.32;0.06;0.0;71.11
2021;1;365;oceanique_10_1;solnu;;39.34;0.0;82.93;12.59;0.0;9.76;24.07;14.77;27.77;0;0;0;-766.72;14.71;0.06;0.0;39.34
2021;1;365;oceanique_11_1;solnu;;51.96;0.0;82.69;4.84;0.0;23.91;23.79;13.34;26.61;0;0;0;-855.35;13.29;0.05;0.0;51.96
2021;1;365;oceanique_12_1;solnu;;28.28;0.0;81.0;9.96;0.0;30.17;29.53;19.94;47.4;0;0;0;-797.77;19.88;0.05;0.0;28.28
2021;1;365;oceanique_13_1;solnu;;52.67;0.0;82.79;3.01;0.0;24.24;23.68;12.85;25.43;0;0;0;-877.51;12.8;0.05;0.0;52.67
2021;1;365;oceanique_14_1;solnu;;46.2;0.0;82.97;11.29;0.0;18.56;24.15;14.77;29.62;0;0;0;-795.07;14.72;0.06;0.0;46.2
2021;1;365;oceanique_15_1;solnu;;53.39;0.0;83.0;6.79;0.0;24.72;23.94;13.98;27.93;0;0;0;-844.5;13.93;0.05;0.0;53.39
2021;1;365;oceanique_16_1;solnu;;81.02;0.0;94.12;6.84;0.0;70.23;94.7;0.38;0.27;0;0;0;-992.66;0.32;0.06;0.0;81.02
2021;1;365;oceanique_17_1;solnu;;76.3;0.0;93.58;2.61;0.0;66.17;90.3;0.36;0.26;0;0;0;-1004.32;0.31;0.06;0.0;76.3
2021;1;365;oceanique_18_1;solnu;;79.58;0.0;94.09;7.55;0.0;67.99;94.37;0.38;0.27;0;0;0;-985.73;0.32;0.06;0.0;79.58
2021;1;365;oceanique_19_1;solnu;;43.42;0.0;80.79;6.01;0.0;24.64;39.32;20.55;10.59;0;0;0;-818.18;20.49;0.05;0.0;43.42
2021;1;365;oceanique_20_1;solnu;;21.25;0.0;81.07;2.2;0.0;1.96;36.61;19.28;8.37;0;0;0;-679.13;19.23;0.05;0.0;21.25
2021;1;365;oceanique_21_1;solnu;;24.73;0.0;81.11;6.69;0.0;2.67;37.73;19.84;8.75;0;0;0;-692.38;19.79;0.05;0.0;24.73
2021;1;365;oceanique_22_1;solnu;;18.67;0.0;80.98;-4.3;0.0;2.94;35.02;18.08;8.38;0;0;0;-663.86;18.03;0.05;0.0;18.67
2021;1;365;oceanique_23_1;solnu;;49.86;0.0;80.95;2.83;0.0;32.3;39.67;19.87;10.42;0;0;0;-844.1;19.81;0.05;0.0;49.86
2021;1;365;oceanique_24_1;solnu;;18.05;0.0;81.0;-3.77;0.0;2.09;35.04;18.2;8.39;0;0;0;-665.48;18.16;0.05;0.0;18.05
2021;1;6;sudouest_25_1;CP;ble_tousSols_nonirr_organique;2.61;0.0;1.11;0.0;1.46;25.88;22.27;0.0;0.0;0;25.79;0;-13.15;0.0;0.0;0.0;2.61
2021;7;365;sudouest_25_1;solnu;;31.85;0.0;108.88;-11.83;0.0;22.27;13.67;22.62;51.34;0;0;0;-1025.41;22.55;0.06;0.0;31.85
2021;1;365;sudouest_26_1;solnu;;36.3;0.0;110.1;5.25;0.0;12.97;13.57;23.87;54.46;0;0;0;-1087.47;23.8;0.07;0.0;36.3
2021;1;365;sudouest_27_1;solnu;;32.56;0.0;110.16;8.85;0.0;7.55;13.67;24.33;55.82;0;0;0;-1062.05;24.26;0.07;0.0;32.56
2021;1;365;sudouest_28_1;solnu;;50.09;0.0;110.16;3.67;0.0;28.66;13.51;23.41;55.16;0;0;0;-1157.26;23.34;0.07;0.0;50.09
2021;1;365;sudouest_29_1;solnu;;101.83;0.0;117.5;3.13;0.0;84.09;101.81;0.58;0.15;0;0;0;-1269.81;0.51;0.07;0.0;101.83
2021;1;365;sudouest_30_1;solnu;;103.21;0.0;117.15;2.18;0.0;86.45;101.5;0.57;0.15;0;0;0;-1274.87;0.5;0.07;0.0;103.21
2021;1;365;sudouest_31_1;solnu;;101.5;0.0;117.52;2.92;0.0;83.5;101.35;0.58;0.15;0;0;0;-1271.8;0.51;0.07;0.0;101.5
2021;1;365;sudouest_32_1;solnu;;98.01;0.0;116.46;3.25;0.0;78.66;99.28;0.58;0.15;0;0;0;-1253.61;0.5;0.07;0.0;98.01
2021;1;365;sudouest_33_1;solnu;;89.1;0.0;116.61;-3.94;0.0;71.58;94.9;0.52;0.13;0;0;0;-1132.54;0.45;0.07;0.0;89.1
2021;1;365;sudouest_34_1;solnu;;97.35;0.0;117.08;2.15;0.0;78.01;98.82;0.57;0.15;0;0;0;-1272.8;0.5;0.07;0.0;97.35
2021;1;365;sudouest_35_1;solnu;;101.74;0.0;117.5;3.24;0.0;83.77;101.68;0.58;0.15;0;0;0;-1268.78;0.51;0.07;0.0;101.74
2021;1;365;sudouest_36_1;solnu;;98.74;0.0;115.93;5.31;0.0;78.93;100.34;0.58;0.15;0;0;0;-1237.3;0.51;0.07;0.0;98.74
2021;1;365;sudouest_37_1;solnu;;50.23;0.0;110.43;3.83;0.0;28.85;13.54;23.39;55.62;0;0;0;-1161.98;23.32;0.07;0.0;50.23
2021;1;365;sudouest_38_1;solnu;;45.5;0.0;109.77;7.36;0.0;22.39;13.62;23.7;56.37;0;0;0;-1119.74;23.63;0.07;0.0;45.5
2021;1;365;sudouest_39_1;solnu;;34.52;0.0;110.05;-9.07;0.0;22.43;13.64;23.37;52.5;0;0;0;-1038.8;23.31;0.07;0.0;34.52
2021;1;365;sudouest_40_1;solnu;;49.66;0.0;110.29;2.52;0.0;28.13;13.48;23.11;54.38;0;0;0;-1172.64;23.04;0.07;0.0;49.66
2021;1;365;sudouest_41_1;solnu;;58.45;0.0;106.26;3.06;0.0;39.07;35.94;37.08;16.74;0;0;0;-1122.85;37.01;0.07;0.0;58.45
2021;1;365;sudouest_42_1;solnu;;51.21;0.0;105.7;7.63;0.0;25.16;35.47;36.59;14.97;0;0;0;-1051.47;36.52;0.07;0.0;51.21
2021;1;365;sudouest_43_1;solnu;;46.19;0.0;105.73;4.56;0.0;20.95;34.91;35.58;14.63;0;0;0;-995.74;35.51;0.07;0.0;46.19
2021;1;365;sudouest_44_1;solnu;;50.52;0.0;105.69;6.62;0.0;24.49;35.2;36.12;14.79;0;0;0;-1041.51;36.05;0.07;0.0;50.52
2021;1;365;sudouest_45_1;solnu;;53.69;0.0;105.78;6.34;0.0;32.9;35.78;38.17;17.17;0;0;0;-1095.26;38.11;0.07;0.0;53.69
2021;1;365;sudouest_46_1;solnu;;56.37;0.0;106.0;2.61;0.0;37.15;35.69;36.89;16.64;0;0;0;-1123.81;36.83;0.07;0.0;56.37
2021;1;365;sudouest_47_1;solnu;;49.36;0.0;106.0;9.33;0.0;26.52;35.81;39.16;17.31;0;0;0;-1061.53;39.09;0.07;0.0;49.36
2021;1;365;sudouest_48_1;solnu;;57.97;0.0;105.84;2.56;0.0;38.56;35.6;36.67;16.56;0;0;0;-1121.4;36.6;0.07;0.0;57.97
2021;1;365;copie_sudouest_1_1;loliumPerenne;loliumPerenne_TousSols_min;0.04;0.0;107.24;20.13;126.3;16.08;16.63;0.08;0.0;0;0;35.13;-252.33;0.0;0.08;0.0;0.04
2021;1;365;copie_sudouest_2_1;solnu;;27.0;0.0;110.44;2.32;0.0;7.23;13.76;24.21;54.89;0;0;0;-985.82;24.14;0.07;0.0;27.0
2021;1;365;copie_beauce_8_1;loliumPerenne;loliumPerenne_TousSols_irr_min;0.02;0.0;80.43;14.49;95.25;15.12;15.95;0.06;0.0;0;0;33.51;-230.47;0.0;0.06;0.0;0.02
2021;1;365;copie_oceanique_1_1;solnu;;55.04;0.0;93.34;5.15;0.0;36.07;82.34;0.32;0.25;0;0;0;-892.26;0.26;0.06;0.0;55.04
2021;1;365;copie_oceanique_5_1;solnu;;46.38;0.0;81.05;5.07;0.0;28.31;39.69;20.58;10.69;0;0;0;-837.16;20.53;0.05;0.0;46.38
2021;1;365;copie_sudouest_18_1;solnu;;105.87;0.0;117.98;4.12;0.0;88.65;103.78;0.58;0.16;0;0;0;-1256.43;0.51;0.07;0.0;105.87
2021;1;365;copie_sudouest_22_1;solnu;;61.28;0.0;106.51;5.3;0.0;41.51;36.79;37.97;17.09;0;0;0;-1107.19;37.9;0.07;0.0;61.28
2021;1;365;copie_beauce_10_1;solnu;;28.39;0.0;79.21;3.59;0.0;42.31;54.92;29.82;14.08;0;0;0;-833.08;29.77;0.05;0.0;28.39
2021;1;365;copie_beauce_44_1;solnu;;31.76;0.0;79.61;9.37;0.0;40.51;57.76;29.18;13.64;0;0;0;-777.85;29.13;0.05;0.0;31.76
2021;1;365;copie_oceanique_14_1;solnu;;27.46;0.0;82.86;9.49;0.0;0.19;23.92;14.08;27.09;0;0;0;-720.86;14.02;0.06;0.0;27.46
