annee;jourDebut;jourFin;parcelle;couvert;itk;delta_Corg[kg_eqCO2/ha];tx_MO_fin[%];emissions_N2O_denit[kg_eqCO2/ha];emissions_N2O_nit[kg_eqCO2/ha];emissions_volat[kg_eqCO2/ha];emissions_lixiv[kg_eqCO2/ha];emissions_ferti[kg_eqCO2/ha];bilan_net_GES[kg_eqCO2/ha];ratio_Corg_Arg[%]
2019;213;302;sudouest_1_1;solnu;;1896.43;5.47;4337.26;13.19;0.0;57.6;0.0;6304.47;0.07
2019;303;365;sudouest_1_1;maisT;mais_tousSols_nonirr_organique;491.82;5.47;0.0;3.38;0.0;38.02;0.0;533.22;0.07
2019;213;275;beauce_1_1;solnu;;919.94;5.49;4358.57;6.42;0.0;0.0;0.0;5284.94;0.07
2019;276;365;beauce_1_1;orgeh;orgeH_tousSols_nonirr_organique;538.99;5.48;625.58;3.69;0.0;7.44;0.0;1175.71;0.07
2019;213;288;sudouest_2_1;solnu;;1738.92;5.48;4337.26;12.11;0.0;23.83;0.0;6112.12;0.07
2019;289;365;sudouest_2_1;maisT;mais_tousSols_nonirr_mineral;649.43;5.47;0.0;4.46;0.0;71.99;0.0;725.88;0.07
2019;213;291;sudouest_3_1;solnu;;2069.14;1.7;101.57;14.15;0.0;8.4;0.0;2193.26;0.07
2019;292;365;sudouest_3_1;maisT;mais_tousSols_irr_organique;743.95;1.69;74.59;5.02;0.0;76.35;0.0;899.9;0.07
2019;213;263;sudouest_4_1;solnu;;1574.05;1.7;71.97;10.87;0.0;1.68;0.0;1658.57;0.07
2019;264;365;sudouest_4_1;maisT;mais_tousSols_irr_mineral;1240.28;1.69;67.06;8.31;0.0;75.54;0.0;1391.19;0.07
2019;213;302;sudouest_5_1;solnu;;2220.49;1.7;138.43;15.17;0.0;32.7;0.0;2406.79;0.07
2019;303;365;sudouest_5_1;maisT;mais_tousSols_nonirr_organique;592.5;1.69;40.25;3.99;0.0;51.87;0.0;688.62;0.07
2019;213;290;beauce_2_1;solnu;;1019.25;5.49;4843.69;7.09;0.0;0.0;0.0;5870.03;0.07
2019;291;365;beauce_2_1;orgeh;orgeH_tousSols_nonirr_mineral;439.1;5.48;851.97;3.02;0.0;7.48;0.0;1301.57;0.07
2019;213;292;sudouest_6_1;solnu;;2082.34;1.7;106.5;14.24;0.0;10.13;0.0;2213.21;0.07
2019;293;365;sudouest_6_1;maisT;mais_tousSols_nonirr_mineral;730.73;1.69;70.67;4.93;0.0;74.59;0.0;880.92;0.07
2019;213;263;sudouest_7_1;solnu;;1354.57;5.48;3500.17;9.52;0.0;21.51;0.0;4885.77;0.07
2019;264;365;sudouest_7_1;maisT;mais_tousSols_irr_organique;1034.5;5.47;835.64;7.05;0.0;59.85;0.0;1937.04;0.07
2019;213;287;sudouest_8_1;solnu;;1729.08;5.48;4337.26;12.03;0.0;22.46;0.0;6100.83;0.07
2019;288;365;sudouest_8_1;maisT;mais_tousSols_irr_mineral;659.27;5.47;0.0;4.54;0.0;73.36;0.0;737.17;0.07
2019;213;300;sudouest_9_1;solnu;;1749.16;3.08;6637.29;12.19;0.0;15.49;0.0;8414.14;0.07
2019;301;365;sudouest_9_1;maisT;mais_tousSols_nonirr_organique;487.85;3.07;1096.42;3.33;0.0;57.21;0.0;1644.81;0.07
2019;213;315;beauce_3_1;solnu;;1034.59;1.71;10.9;7.09;0.0;0.0;0.0;1052.58;0.07
2019;316;365;beauce_3_1;orgeh;orgeH_tousSols_irr_organique;324.08;1.71;26.29;2.17;0.0;0.94;0.0;353.49;0.07
2019;213;317;beauce_4_1;solnu;;1049.66;1.71;12.75;7.23;0.0;0.0;0.0;1069.64;0.07
2019;318;365;beauce_4_1;orgeh;orgeH_tousSols_irr_mineral;309.02;1.71;24.54;2.03;0.0;0.95;0.0;336.53;0.07
2019;213;297;beauce_5_1;solnu;;893.11;1.71;0.0;6.13;0.0;0.0;0.0;899.24;0.07
2019;298;365;beauce_5_1;orgeh;orgeH_tousSols_nonirr_organique;465.58;1.71;35.78;3.12;0.0;0.94;0.0;505.43;0.07
2019;213;276;beauce_6_1;solnu;;779.74;1.71;0.0;5.32;0.0;0.0;0.0;785.06;0.07
2019;277;365;beauce_6_1;orgeh;orgeH_tousSols_nonirr_mineral;579.25;1.71;24.14;3.94;0.0;1.06;0.0;608.39;0.07
2019;213;265;beauce_7_1;solnu;;805.36;5.49;3787.15;5.65;0.0;0.0;0.0;4598.15;0.07
2019;266;365;beauce_7_1;orgeh;orgeH_tousSols_irr_organique;654.04;5.48;633.06;4.47;0.0;7.59;0.0;1299.17;0.07
2019;213;287;beauce_8_1;solnu;;1003.72;5.49;4744.48;6.98;0.0;0.0;0.0;5755.18;0.07
2019;288;365;beauce_8_1;orgeh;orgeH_tousSols_irr_mineral;454.66;5.48;845.55;3.14;0.0;7.46;0.0;1310.81;0.07
2019;213;285;sudouest_10_1;solnu;;1588.83;3.08;5790.0;11.06;0.0;8.15;0.0;7398.05;0.07
2019;286;365;sudouest_10_1;maisT;mais_tousSols_nonirr_mineral;648.3;3.07;1475.63;4.47;0.0;64.73;0.0;2193.13;0.07
2019;213;274;sudouest_11_1;solnu;;1441.28;3.08;4981.89;10.05;0.0;8.15;0.0;6441.36;0.07
2019;275;365;sudouest_11_1;maisT;mais_tousSols_irr_organique;796.1;3.07;1924.43;5.47;0.0;63.81;0.0;2789.81;0.07
2019;213;266;oceanique_1_1;solnu;;673.64;1.71;0.0;4.68;0.0;0.0;0.0;678.32;0.07
2019;267;365;oceanique_1_1;CP;ble_tousSols_nonirr_organique;811.78;1.7;1.2;5.48;0.0;10.78;0.0;829.24;0.07
2019;213;306;oceanique_2_1;solnu;;1146.28;5.49;6203.7;7.97;0.0;0.01;0.0;7357.96;0.07
2019;307;365;oceanique_2_1;CP;ble_tousSols_nonirr_mineral;395.22;5.48;0.0;2.75;0.0;51.2;0.0;449.18;0.07
2019;213;276;sudouest_12_1;solnu;;1472.04;3.08;5178.93;10.3;0.0;8.15;0.0;6669.43;0.07
2019;277;365;sudouest_12_1;maisT;mais_tousSols_irr_mineral;765.31;3.07;1778.58;5.22;0.0;63.91;0.0;2613.02;0.07
2019;213;315;sudouest_13_1;solnu;;2041.59;5.47;4337.26;14.2;0.0;76.39;0.0;6469.44;0.07
2019;316;365;sudouest_13_1;maisT;mais_tousSols_nonirr_organique;346.63;5.47;0.0;2.37;0.0;19.17;0.0;368.16;0.07
2019;213;319;sudouest_14_1;solnu;;2087.05;5.47;4337.26;14.54;0.0;76.39;0.0;6515.23;0.07
2019;320;365;sudouest_14_1;maisT;mais_tousSols_nonirr_mineral;301.17;5.47;0.0;2.03;0.0;19.16;0.0;322.36;0.07
2019;213;275;sudouest_15_1;solnu;;1814.84;1.7;82.01;12.51;0.0;3.27;0.0;1912.62;0.07
2019;276;365;sudouest_15_1;maisT;mais_tousSols_irr_organique;999.14;1.69;73.11;6.67;0.0;80.67;0.0;1159.59;0.07
2019;213;293;sudouest_16_1;solnu;;2095.87;1.7;106.82;14.34;0.0;10.13;0.0;2227.15;0.07
2019;294;365;sudouest_16_1;maisT;mais_tousSols_irr_mineral;717.19;1.69;70.98;4.83;0.0;74.58;0.0;867.58;0.07
2019;213;309;oceanique_3_1;solnu;;1170.73;5.49;6203.77;8.14;0.0;19.87;0.0;7402.5;0.07
2019;310;365;oceanique_3_1;CP;ble_tousSols_nonirr_organique;370.76;5.48;0.0;2.58;0.0;31.44;0.0;404.79;0.07
2019;213;269;oceanique_4_1;solnu;;710.48;1.71;0.0;4.92;0.0;0.0;0.0;715.41;0.07
2019;270;365;oceanique_4_1;CP;ble_tousSols_nonirr_mineral;776.88;1.7;6.43;5.25;0.0;11.37;0.0;799.93;0.07
2019;213;278;sudouest_17_1;solnu;;1875.48;1.7;84.46;12.85;0.0;3.29;0.0;1976.08;0.07
2019;279;365;sudouest_17_1;maisT;mais_tousSols_nonirr_organique;937.87;1.69;76.3;6.32;0.0;80.83;0.0;1101.33;0.07
2019;213;265;beauce_9_1;solnu;;679.24;3.09;204.64;4.76;0.0;0.0;0.0;888.64;0.07
2019;266;365;beauce_9_1;orgeh;orgeH_tousSols_nonirr_organique;578.4;3.08;71.49;3.96;0.0;2.89;0.0;656.73;0.07
2019;213;265;oceanique_5_1;solnu;;653.49;3.09;393.17;4.57;0.0;0.0;0.0;1051.22;0.07
2019;266;365;oceanique_5_1;CP;ble_tousSols_nonirr_organique;691.24;3.08;161.54;4.79;0.0;16.63;0.0;874.21;0.07
2019;213;276;sudouest_18_1;solnu;;1840.12;1.7;84.33;12.65;0.0;3.29;0.0;1940.39;0.07
2019;277;365;sudouest_18_1;maisT;mais_tousSols_nonirr_mineral;973.29;1.69;71.58;6.52;0.0;80.33;0.0;1131.73;0.07
2019;213;315;sudouest_19_1;solnu;;2041.59;5.47;4337.26;14.2;0.0;76.39;0.0;6469.44;0.07
2019;316;365;sudouest_19_1;maisT;mais_tousSols_irr_organique;346.63;5.47;0.0;2.37;0.0;19.17;0.0;368.17;0.07
2019;213;288;sudouest_20_1;solnu;;1738.92;5.48;4337.26;12.11;0.0;23.83;0.0;6112.12;0.07
2019;289;365;sudouest_20_1;maisT;mais_tousSols_irr_mineral;649.43;5.47;0.0;4.46;0.0;71.99;0.0;725.88;0.07
2019;213;270;sudouest_21_1;solnu;;1365.01;3.08;4612.01;9.56;0.0;7.26;0.0;5993.84;0.07
2019;271;365;sudouest_21_1;maisT;mais_tousSols_nonirr_organique;872.48;3.07;2130.19;5.96;0.0;64.58;0.0;3073.21;0.07
2019;213;262;sudouest_22_1;solnu;;1230.07;3.08;3976.55;8.72;0.0;7.26;0.0;5222.6;0.07
2019;263;365;sudouest_22_1;maisT;mais_tousSols_nonirr_mineral;1007.83;3.07;2590.69;6.8;0.0;57.19;0.0;3662.51;0.07
2019;213;317;sudouest_23_1;solnu;;1926.29;3.07;7047.68;13.43;0.0;50.71;0.0;9038.11;0.07
2019;318;365;sudouest_23_1;maisT;mais_tousSols_irr_organique;310.69;3.07;686.83;2.09;0.0;21.9;0.0;1021.5;0.07
2019;213;290;oceanique_6_1;solnu;;860.83;3.09;565.46;6.0;0.0;0.0;0.0;1432.29;0.07
2019;291;365;oceanique_6_1;CP;ble_tousSols_nonirr_mineral;483.61;3.08;1535.17;3.35;0.0;29.58;0.0;2051.71;0.07
2019;213;280;beauce_10_1;solnu;;799.59;3.09;204.65;5.59;0.0;0.0;0.0;1009.83;0.07
2019;281;365;beauce_10_1;orgeh;orgeH_tousSols_nonirr_mineral;457.72;3.08;1826.45;3.13;0.0;3.01;0.0;2290.31;0.07
2019;213;281;beauce_11_1;solnu;;807.31;3.09;204.64;5.61;0.0;0.0;0.0;1017.56;0.07
2019;282;365;beauce_11_1;orgeh;orgeH_tousSols_irr_organique;449.97;3.08;1869.12;3.11;0.0;3.01;0.0;2325.22;0.07
2019;213;264;beauce_12_1;solnu;;673.65;3.09;204.4;4.7;0.0;0.0;0.0;882.75;0.07
2019;265;365;beauce_12_1;orgeh;orgeH_tousSols_irr_mineral;583.97;3.08;53.49;4.02;0.0;3.65;0.0;645.13;0.07
2019;213;285;sudouest_24_1;solnu;;1588.83;3.08;5790.0;11.06;0.0;8.15;0.0;7398.05;0.07
2019;286;365;sudouest_24_1;maisT;mais_tousSols_irr_mineral;648.3;3.07;1475.61;4.47;0.0;64.73;0.0;2193.11;0.07
2019;213;287;beauce_13_1;solnu;;1003.72;5.49;4744.39;6.98;0.0;0.0;0.0;5755.08;0.07
2019;288;365;beauce_13_1;CP;ble_tousSols_nonirr_organique;454.63;5.48;824.54;3.14;0.0;7.38;0.0;1289.69;0.07
2019;213;314;beauce_14_1;solnu;;1184.92;5.49;5704.5;8.26;0.0;0.87;0.0;6898.55;0.07
2019;315;365;beauce_14_1;maisT;mais_tousSols_nonirr_organique;273.32;5.48;334.02;1.85;0.0;6.53;0.0;615.72;0.07
2019;213;260;beauce_15_1;solnu;;751.97;5.49;3485.12;5.26;0.0;0.0;0.0;4242.35;0.07
2019;261;365;beauce_15_1;maisT;mais_tousSols_nonirr_organique;706.71;5.48;2174.7;4.86;0.0;7.95;0.0;2894.22;0.07
2019;213;317;beauce_16_1;solnu;;1205.62;5.49;5737.52;8.42;0.0;0.88;0.0;6952.45;0.07
2019;318;365;beauce_16_1;maisT;mais_tousSols_nonirr_mineral;252.62;5.48;300.99;1.69;0.0;6.53;0.0;561.83;0.07
2019;213;273;beauce_17_1;solnu;;899.61;5.49;4264.61;6.3;0.0;0.0;0.0;5170.53;0.07
2019;274;365;beauce_17_1;CP;ble_tousSols_nonirr_mineral;559.0;5.48;497.46;3.81;0.0;7.19;0.0;1067.46;0.07
2019;213;311;beauce_18_1;solnu;;1160.32;5.49;5661.94;8.09;0.0;0.25;0.0;6830.61;0.07
2019;312;365;beauce_18_1;maisT;mais_tousSols_nonirr_mineral;297.92;5.48;376.6;2.02;0.0;7.15;0.0;683.69;0.07
2019;213;294;beauce_19_1;solnu;;872.5;1.71;0.0;5.97;0.0;0.0;0.0;878.47;0.07
2019;295;365;beauce_19_1;CP;ble_tousSols_irr_organique;485.59;1.71;35.04;3.28;0.0;0.88;0.0;524.8;0.07
2019;213;295;beauce_20_1;solnu;;879.11;1.71;0.0;6.02;0.0;0.0;0.0;885.13;0.07
2019;296;365;beauce_20_1;maisT;mais_tousSols_irr_organique;479.54;1.71;37.55;3.24;0.0;0.94;0.0;521.27;0.07
2019;213;311;beauce_21_1;solnu;;993.93;1.71;7.06;6.83;0.0;0.0;0.0;1007.82;0.07
2019;312;365;beauce_21_1;maisT;mais_tousSols_irr_organique;364.69;1.71;30.46;2.43;0.0;0.93;0.0;398.51;0.07
2019;213;283;beauce_22_1;solnu;;811.3;1.71;0.0;5.57;0.0;0.0;0.0;816.87;0.07
2019;284;365;beauce_22_1;maisT;mais_tousSols_irr_mineral;547.31;1.71;37.69;3.69;0.0;0.99;0.0;589.68;0.07
2019;213;281;beauce_23_1;solnu;;805.47;1.71;0.0;5.49;0.0;0.0;0.0;810.96;0.07
2019;282;365;beauce_23_1;CP;ble_tousSols_irr_mineral;553.56;1.71;24.71;3.77;0.0;0.97;0.0;583.01;0.07
2019;213;297;beauce_24_1;solnu;;893.11;1.71;0.0;6.13;0.0;0.0;0.0;899.24;0.07
2019;298;365;beauce_24_1;maisT;mais_tousSols_irr_mineral;465.55;1.71;37.54;3.12;0.0;0.94;0.0;507.16;0.07
2019;213;276;beauce_25_1;solnu;;779.74;1.71;0.0;5.32;0.0;0.0;0.0;785.06;0.07
2019;277;365;beauce_25_1;CP;ble_tousSols_nonirr_organique;579.46;1.71;20.61;3.94;0.0;1.0;0.0;605.02;0.07
2019;213;271;beauce_26_1;solnu;;744.57;1.71;0.0;5.12;0.0;0.0;0.0;749.68;0.07
2019;272;365;beauce_26_1;maisT;mais_tousSols_nonirr_organique;614.51;1.71;38.0;4.14;0.0;1.19;0.0;657.84;0.07
2019;213;309;beauce_27_1;solnu;;981.55;1.71;5.55;6.7;0.0;0.0;0.0;993.8;0.07
2019;310;365;beauce_27_1;maisT;mais_tousSols_nonirr_organique;377.04;1.71;31.95;2.55;0.0;0.91;0.0;412.46;0.07
2019;213;270;beauce_28_1;solnu;;735.97;1.71;0.0;5.06;0.0;0.0;0.0;741.03;0.07
2019;271;365;beauce_28_1;maisT;mais_tousSols_nonirr_mineral;623.15;1.71;37.67;4.2;0.0;1.21;0.0;666.23;0.07
2019;213;269;beauce_29_1;solnu;;728.16;1.71;0.0;5.0;0.0;0.0;0.0;733.16;0.07
2019;270;365;beauce_29_1;CP;ble_tousSols_nonirr_mineral;631.45;1.71;10.55;4.26;0.0;1.16;0.0;647.43;0.07
2019;213;317;beauce_30_1;solnu;;1049.66;1.71;12.75;7.23;0.0;0.0;0.0;1069.64;0.07
2019;318;365;beauce_30_1;maisT;mais_tousSols_nonirr_mineral;308.99;1.71;24.76;2.03;0.0;0.93;0.0;336.7;0.07
2019;213;302;beauce_31_1;solnu;;1105.35;5.49;5555.82;7.68;0.0;0.0;0.0;6668.86;0.07
2019;303;365;beauce_31_1;CP;ble_tousSols_irr_organique;352.89;5.48;350.55;2.43;0.0;7.41;0.0;713.28;0.07
2019;213;284;beauce_32_1;solnu;;985.06;5.49;4636.35;6.85;0.0;0.0;0.0;5628.26;0.07
2019;285;365;beauce_32_1;maisT;mais_tousSols_irr_organique;473.25;5.48;1400.77;3.26;0.0;7.51;0.0;1884.8;0.07
2019;213;297;beauce_33_1;solnu;;1070.47;5.49;5334.65;7.47;0.0;0.0;0.0;6412.59;0.07
2019;298;365;beauce_33_1;maisT;mais_tousSols_irr_organique;387.77;5.48;703.94;2.64;0.0;7.42;0.0;1101.77;0.07
2019;213;304;beauce_34_1;solnu;;1116.2;5.49;5604.41;7.77;0.0;0.0;0.0;6728.38;0.07
2019;305;365;beauce_34_1;maisT;mais_tousSols_irr_mineral;342.05;5.48;434.13;2.34;0.0;7.41;0.0;785.93;0.07
2019;213;316;beauce_35_1;solnu;;1200.59;5.49;5728.6;8.34;0.0;0.87;0.0;6938.41;0.07
2019;317;365;beauce_35_1;CP;ble_tousSols_irr_mineral;257.65;5.48;296.18;1.77;0.0;6.53;0.0;562.13;0.07
2019;213;304;beauce_36_1;solnu;;1116.2;5.49;5604.41;7.77;0.0;0.0;0.0;6728.38;0.07
2019;305;365;beauce_36_1;maisT;mais_tousSols_irr_mineral;342.05;5.48;434.13;2.34;0.0;7.41;0.0;785.93;0.07
2019;213;316;beauce_37_1;solnu;;1012.81;3.08;1146.96;7.04;0.0;0.0;0.0;2166.81;0.07
2019;317;365;beauce_37_1;CP;ble_tousSols_nonirr_organique;244.26;3.08;1731.68;1.68;0.0;3.14;0.0;1980.75;0.07
2019;213;303;beauce_38_1;solnu;;928.35;3.09;520.86;6.46;0.0;0.0;0.0;1455.67;0.07
2019;304;365;beauce_38_1;maisT;mais_tousSols_nonirr_organique;328.71;3.08;2372.34;2.26;0.0;3.14;0.0;2706.46;0.07
2019;213;311;beauce_39_1;solnu;;974.6;3.09;887.87;6.8;0.0;0.0;0.0;1869.27;0.07
2019;312;365;beauce_39_1;maisT;mais_tousSols_nonirr_organique;282.46;3.08;2005.38;1.92;0.0;3.14;0.0;2292.9;0.07
2019;213;314;beauce_40_1;solnu;;997.94;3.08;1059.43;6.96;0.0;0.0;0.0;2064.33;0.07
2019;315;365;beauce_40_1;maisT;mais_tousSols_nonirr_mineral;259.13;3.08;1833.85;1.76;0.0;3.14;0.0;2097.88;0.07
2019;213;282;beauce_41_1;solnu;;810.42;3.09;204.64;5.63;0.0;0.0;0.0;1020.69;0.07
2019;283;365;beauce_41_1;CP;ble_tousSols_nonirr_mineral;446.83;3.08;1855.56;3.09;0.0;2.99;0.0;2308.48;0.07
2019;213;279;beauce_42_1;solnu;;795.23;3.09;204.64;5.53;0.0;0.0;0.0;1005.4;0.07
2019;280;365;beauce_42_1;maisT;mais_tousSols_nonirr_mineral;461.94;3.08;2686.49;3.19;0.0;3.19;0.0;3154.81;0.07
2019;213;270;beauce_43_1;solnu;;728.3;3.09;204.64;5.11;0.0;0.0;0.0;938.04;0.07
2019;271;365;beauce_43_1;CP;ble_tousSols_irr_organique;529.24;3.08;359.48;3.62;0.0;2.84;0.0;895.18;0.07
2019;213;313;beauce_44_1;solnu;;990.2;3.08;1004.35;6.91;0.0;0.0;0.0;2001.45;0.07
2019;314;365;beauce_44_1;maisT;mais_tousSols_irr_organique;266.87;3.08;1888.83;1.81;0.0;3.14;0.0;2160.65;0.07
2019;213;314;beauce_45_1;solnu;;997.94;3.08;1059.42;6.96;0.0;0.0;0.0;2064.32;0.07
2019;315;365;beauce_45_1;maisT;mais_tousSols_irr_organique;259.13;3.08;1833.77;1.76;0.0;3.14;0.0;2097.8;0.07
2019;213;279;beauce_46_1;solnu;;795.23;3.09;204.64;5.53;0.0;0.0;0.0;1005.4;0.07
2019;280;365;beauce_46_1;maisT;mais_tousSols_irr_mineral;461.92;3.08;2686.43;3.19;0.0;3.19;0.0;3154.73;0.07
2019;213;266;beauce_47_1;solnu;;688.04;3.09;204.64;4.81;0.0;0.0;0.0;897.49;0.07
2019;267;365;beauce_47_1;CP;ble_tousSols_irr_mineral;569.39;3.08;42.18;3.91;0.0;2.8;0.0;618.28;0.07
2019;213;315;beauce_48_1;solnu;;1005.96;3.08;1111.3;7.01;0.0;0.0;0.0;2124.27;0.07
2019;316;365;beauce_48_1;maisT;mais_tousSols_irr_mineral;251.11;3.08;1781.88;1.71;0.0;3.14;0.0;2037.84;0.07
2019;213;304;oceanique_7_1;solnu;;980.27;1.71;3.64;6.75;0.0;0.0;0.0;990.67;0.07
2019;305;365;oceanique_7_1;orgeh;orgeH_tousSols_nonirr_organique;506.65;1.7;61.6;3.42;0.0;24.95;0.0;596.61;0.07
2019;213;317;oceanique_8_1;solnu;;1121.34;1.71;30.74;7.74;0.0;0.0;0.0;1159.82;0.07
2019;318;365;oceanique_8_1;maisT;mais_tousSols_nonirr_organique;365.57;1.7;37.63;2.44;0.0;25.28;0.0;430.91;0.07
2019;213;305;oceanique_9_1;solnu;;993.69;1.71;4.01;6.81;0.0;0.0;0.0;1004.51;0.07
2019;306;365;oceanique_9_1;maisT;mais_tousSols_nonirr_organique;493.23;1.7;64.39;3.37;0.0;25.31;0.0;586.29;0.07
2019;213;289;oceanique_10_1;solnu;;1015.78;5.49;5448.27;7.08;0.0;0.0;0.0;6471.13;0.07
2019;290;365;oceanique_10_1;maisT;mais_tousSols_nonirr_mineral;525.74;5.48;755.43;3.64;0.0;51.83;0.0;1336.64;0.07
2019;213;288;oceanique_11_1;solnu;;1003.48;5.49;5392.5;7.03;0.0;0.0;0.0;6403.0;0.07
2019;289;365;oceanique_11_1;orgeh;orgeH_tousSols_nonirr_mineral;538.04;5.48;740.54;3.69;0.0;47.45;0.0;1329.72;0.07
2019;213;282;oceanique_12_1;solnu;;969.08;5.49;4565.68;6.74;0.0;0.0;0.0;5541.49;0.07
2019;283;365;oceanique_12_1;maisT;mais_tousSols_nonirr_mineral;489.24;5.48;1471.0;3.37;0.0;7.53;0.0;1971.15;0.07
2019;213;271;oceanique_13_1;solnu;;849.76;5.49;4323.89;6.0;0.0;0.0;0.0;5179.65;0.07
2019;272;365;oceanique_13_1;orgeh;orgeH_tousSols_nonirr_organique;691.92;5.48;746.55;4.73;0.0;35.27;0.0;1478.47;0.07
2019;213;319;oceanique_14_1;solnu;;1261.3;5.48;6203.7;8.83;0.0;19.9;0.0;7493.73;0.07
2019;320;365;oceanique_14_1;maisT;mais_tousSols_nonirr_organique;280.19;5.48;0.0;1.9;0.0;31.78;0.0;313.86;0.07
2019;213;260;oceanique_15_1;solnu;;711.3;5.49;3276.28;5.06;0.0;0.0;0.0;3992.64;0.07
2019;261;365;oceanique_15_1;maisT;mais_tousSols_nonirr_organique;830.45;5.48;2905.52;5.67;0.0;44.4;0.0;3786.03;0.07
2019;213;277;oceanique_16_1;solnu;;791.6;1.71;0.0;5.44;0.0;0.0;0.0;797.04;0.07
2019;278;365;oceanique_16_1;maisT;mais_tousSols_nonirr_mineral;695.43;1.7;65.6;4.73;0.0;25.4;0.0;791.17;0.07
2019;213;290;oceanique_17_1;solnu;;876.05;1.71;0.0;6.0;0.0;0.0;0.0;882.05;0.07
2019;291;365;oceanique_17_1;orgeh;orgeH_tousSols_nonirr_mineral;610.59;1.7;55.58;4.17;0.0;22.56;0.0;692.9;0.07
2019;213;289;oceanique_18_1;solnu;;869.96;1.71;0.0;5.95;0.0;0.0;0.0;875.91;0.07
2019;290;365;oceanique_18_1;maisT;mais_tousSols_nonirr_mineral;617.0;1.7;68.47;4.22;0.0;25.41;0.0;715.09;0.07
2019;213;269;oceanique_19_1;solnu;;694.52;3.09;464.9;4.89;0.0;0.0;0.0;1164.31;0.07
2019;270;365;oceanique_19_1;orgeh;orgeH_tousSols_nonirr_organique;649.86;3.08;282.47;4.46;0.0;20.39;0.0;957.19;0.07
2019;213;279;oceanique_20_1;solnu;;788.82;3.09;524.3;5.49;0.0;0.0;0.0;1318.62;0.07
2019;280;365;oceanique_20_1;maisT;mais_tousSols_nonirr_organique;555.64;3.08;2111.61;3.86;0.0;32.93;0.0;2704.04;0.07
2019;213;289;oceanique_21_1;solnu;;854.67;3.09;544.3;5.96;0.0;0.0;0.0;1404.93;0.07
2019;290;365;oceanique_21_1;maisT;mais_tousSols_nonirr_organique;489.76;3.08;2194.94;3.4;0.0;32.87;0.0;2720.97;0.07
2019;213;281;oceanique_22_1;solnu;;798.5;3.09;528.25;5.56;0.0;0.0;0.0;1332.3;0.07
2019;282;365;oceanique_22_1;maisT;mais_tousSols_nonirr_mineral;545.96;3.08;2172.36;3.8;0.0;32.97;0.0;2755.09;0.07
2019;213;317;oceanique_23_1;solnu;;1061.9;3.08;1548.79;7.44;0.0;5.0;0.0;2623.12;0.07
2019;318;365;oceanique_23_1;orgeh;orgeH_tousSols_nonirr_mineral;282.51;3.08;1150.19;1.92;0.0;27.69;0.0;1462.3;0.07
2019;213;286;oceanique_24_1;solnu;;834.66;3.09;534.44;5.8;0.0;0.0;0.0;1374.91;0.07
2019;287;365;oceanique_24_1;maisT;mais_tousSols_nonirr_mineral;509.78;3.08;2204.18;3.55;0.0;32.91;0.0;2750.43;0.07
2019;213;281;sudouest_25_1;solnu;;1653.61;5.48;4124.53;11.49;0.0;22.46;0.0;5812.09;0.07
2019;282;365;sudouest_25_1;CP;ble_tousSols_nonirr_organique;734.92;5.47;212.72;5.09;0.0;50.17;0.0;1002.9;0.07
2019;213;270;sudouest_26_1;solnu;;1465.29;5.48;3790.88;10.27;0.0;21.51;0.0;5287.94;0.07
2019;271;365;sudouest_26_1;orgeh;orgeH_tousSols_nonirr_organique;923.66;5.47;199.38;6.31;0.0;46.88;0.0;1176.23;0.07
2019;213;312;sudouest_27_1;solnu;;2007.88;5.47;4337.26;13.99;0.0;76.39;0.0;6435.51;0.07
2019;313;365;sudouest_27_1;CP;ble_tousSols_nonirr_mineral;380.35;5.47;0.0;2.58;0.0;19.14;0.0;402.07;0.07
2019;213;307;sudouest_28_1;solnu;;1949.58;5.47;4337.26;13.62;0.0;76.29;0.0;6376.74;0.07
2019;308;365;sudouest_28_1;orgeh;orgeH_tousSols_nonirr_mineral;438.65;5.47;0.0;2.95;0.0;19.18;0.0;460.78;0.07
2019;213;264;sudouest_29_1;solnu;;1599.63;1.7;71.97;10.98;0.0;1.68;0.0;1684.27;0.07
2019;265;365;sudouest_29_1;CP;ble_tousSols_irr_organique;1214.93;1.69;22.96;8.2;0.0;52.85;0.0;1298.94;0.07
2019;213;267;sudouest_30_1;solnu;;1647.39;1.7;71.97;11.28;0.0;1.68;0.0;1732.33;0.07
2019;268;365;sudouest_30_1;orgeh;orgeH_tousSols_irr_organique;1167.3;1.69;27.86;7.9;0.0;55.54;0.0;1258.6;0.07
2019;213;301;sudouest_31_1;solnu;;2207.58;1.7;126.51;15.09;0.0;17.09;0.0;2366.27;0.07
2019;302;365;sudouest_31_1;CP;ble_tousSols_irr_mineral;605.4;1.69;46.08;4.08;0.0;67.17;0.0;722.73;0.07
2019;213;315;sudouest_32_1;solnu;;2395.82;1.69;152.46;16.37;0.0;52.55;0.0;2617.21;0.07
2019;316;365;sudouest_32_1;orgeh;orgeH_tousSols_irr_mineral;417.2;1.69;24.33;2.8;0.0;32.1;0.0;476.43;0.07
2019;213;314;sudouest_33_1;solnu;;2381.86;1.69;152.1;16.28;0.0;52.53;0.0;2602.78;0.07
2019;315;365;sudouest_33_1;CP;ble_tousSols_nonirr_organique;431.01;1.69;24.51;2.89;0.0;31.82;0.0;490.23;0.07
2019;213;279;sudouest_34_1;solnu;;1890.55;1.7;84.46;12.94;0.0;3.29;0.0;1991.24;0.07
2019;280;365;sudouest_34_1;orgeh;orgeH_tousSols_nonirr_organique;923.31;1.69;48.65;6.24;0.0;67.1;0.0;1045.3;0.07
2019;213;294;sudouest_35_1;solnu;;2109.63;1.7;108.08;14.46;0.0;10.13;0.0;2242.3;0.07
2019;295;365;sudouest_35_1;CP;ble_tousSols_nonirr_mineral;703.43;1.69;58.44;4.7;0.0;73.6;0.0;840.17;0.07
2019;213;291;sudouest_36_1;solnu;;2069.14;1.7;101.57;14.15;0.0;8.4;0.0;2193.26;0.07
2019;292;365;sudouest_36_1;orgeh;orgeH_tousSols_nonirr_mineral;744.01;1.69;57.62;5.02;0.0;72.35;0.0;879.0;0.07
2019;213;287;sudouest_37_1;solnu;;1729.08;5.48;4337.26;12.03;0.0;22.46;0.0;6100.83;0.07
2019;288;365;sudouest_37_1;CP;ble_tousSols_irr_organique;659.32;5.47;0.0;4.54;0.0;59.05;0.0;722.92;0.07
2019;213;291;sudouest_38_1;solnu;;1771.45;5.48;4337.18;12.33;0.0;27.19;0.0;6148.16;0.07
2019;292;365;sudouest_38_1;orgeh;orgeH_tousSols_irr_organique;616.92;5.47;0.0;4.24;0.0;60.59;0.0;681.75;0.07
2019;213;282;sudouest_39_1;solnu;;1659.85;5.48;4124.53;11.62;0.0;22.46;0.0;5818.47;0.07
2019;283;365;sudouest_39_1;CP;ble_tousSols_irr_mineral;728.66;5.47;212.72;4.95;0.0;50.63;0.0;996.96;0.07
2019;213;282;sudouest_40_1;solnu;;1659.86;5.48;4124.52;11.62;0.0;22.46;0.0;5818.46;0.07
2019;283;365;sudouest_40_1;orgeh;orgeH_tousSols_irr_mineral;728.72;5.47;212.67;4.95;0.0;50.68;0.0;997.02;0.07
2019;213;311;sudouest_41_1;solnu;;1869.1;3.08;6879.36;12.99;0.0;50.7;0.0;8812.16;0.07
2019;312;365;sudouest_41_1;CP;ble_tousSols_nonirr_organique;367.88;3.07;462.98;2.53;0.0;21.89;0.0;855.27;0.07
2019;213;276;sudouest_42_1;solnu;;1472.08;3.08;5179.13;10.3;0.0;8.17;0.0;6669.67;0.07
2019;277;365;sudouest_42_1;orgeh;orgeH_tousSols_nonirr_organique;765.54;3.07;986.59;5.22;0.0;46.66;0.0;1804.01;0.07
2019;213;305;sudouest_43_1;solnu;;1800.96;3.08;6748.16;12.56;0.0;41.98;0.0;8603.66;0.07
2019;306;365;sudouest_43_1;CP;ble_tousSols_nonirr_mineral;436.03;3.07;500.54;2.96;0.0;30.55;0.0;970.08;0.07
2019;213;300;sudouest_44_1;solnu;;1749.16;3.08;6637.29;12.19;0.0;15.49;0.0;8414.14;0.07
2019;301;365;sudouest_44_1;orgeh;orgeH_tousSols_nonirr_mineral;487.83;3.07;543.53;3.33;0.0;56.9;0.0;1091.58;0.07
2019;213;267;sudouest_45_1;solnu;;1319.79;3.08;4326.09;9.21;0.0;7.26;0.0;5662.35;0.07
2019;268;365;sudouest_45_1;CP;ble_tousSols_irr_organique;918.03;3.07;1253.96;6.32;0.0;43.56;0.0;2221.87;0.07
2019;213;286;sudouest_46_1;solnu;;1597.75;3.08;5876.16;11.16;0.0;8.15;0.0;7493.23;0.07
2019;287;365;sudouest_46_1;orgeh;orgeH_tousSols_irr_organique;639.47;3.07;724.29;4.36;0.0;57.04;0.0;1425.15;0.07
2019;213;281;sudouest_47_1;solnu;;1542.65;3.08;5522.54;10.71;0.0;8.15;0.0;7084.06;0.07
2019;282;365;sudouest_47_1;CP;ble_tousSols_irr_mineral;694.65;3.07;876.76;4.81;0.0;51.44;0.0;1627.66;0.07
2019;213;297;sudouest_48_1;solnu;;1719.4;3.08;6475.43;11.96;0.0;14.31;0.0;8221.11;0.07
2019;298;365;sudouest_48_1;orgeh;orgeH_tousSols_irr_mineral;517.62;3.07;604.19;3.56;0.0;57.99;0.0;1183.37;0.07
2019;213;300;copie_sudouest_1_1;solnu;;1870.37;5.48;4320.32;13.03;0.0;31.16;0.0;6234.88;0.07
2019;301;365;copie_sudouest_1_1;loliumPerenne;loliumPerenne_TousSols_min;516.07;5.47;0.0;3.52;0.0;10.97;0.0;530.57;0.07
2019;213;311;copie_sudouest_2_1;solnu;;1999.28;5.47;4337.26;13.89;0.0;76.39;0.0;6426.82;0.07
2019;312;365;copie_sudouest_2_1;maisT;mais_tousSols_nonirr_mineral;388.94;5.47;0.0;2.68;0.0;19.18;0.0;410.8;0.07
2019;213;312;copie_beauce_8_1;solnu;;1172.75;5.49;5734.32;8.17;0.0;0.26;0.0;6915.5;0.07
2019;313;365;copie_beauce_8_1;loliumPerenne;loliumPerenne_TousSols_irr_min;289.47;5.48;81.02;1.97;0.0;0.0;0.0;372.46;0.07
2019;213;276;copie_oceanique_1_1;solnu;;783.61;1.71;0.0;5.37;0.0;0.0;0.0;788.99;0.07
2019;277;365;copie_oceanique_1_1;CP;ble_tousSols_nonirr_organique;700.03;1.7;28.94;4.78;0.0;15.94;0.0;749.69;0.07
2019;213;309;copie_oceanique_5_1;solnu;;992.55;3.08;1105.39;6.9;0.0;4.95;0.0;2109.79;0.07
2019;310;365;copie_oceanique_5_1;CP;ble_tousSols_nonirr_organique;351.8;3.08;1546.34;2.45;0.0;27.59;0.0;1928.18;0.07
2019;213;272;copie_sudouest_18_1;solnu;;1749.78;1.7;75.0;12.03;0.0;1.74;0.0;1838.55;0.07
2019;273;365;copie_sudouest_18_1;maisT;mais_tousSols_nonirr_mineral;1063.77;1.69;77.14;7.14;0.0;81.53;0.0;1229.58;0.07
2019;213;288;copie_sudouest_22_1;solnu;;1622.58;3.08;5983.63;11.3;0.0;9.36;0.0;7626.87;0.07
2019;289;365;copie_sudouest_22_1;maisT;mais_tousSols_nonirr_mineral;614.53;3.07;1452.76;4.22;0.0;63.53;0.0;2135.04;0.07
2019;213;303;copie_beauce_10_1;solnu;;928.35;3.09;520.62;6.46;0.0;0.0;0.0;1455.43;0.07
2019;304;365;copie_beauce_10_1;orgeh;orgeH_tousSols_nonirr_mineral;328.71;3.08;2312.19;2.26;0.0;3.13;0.0;2646.29;0.07
2019;213;285;copie_beauce_44_1;solnu;;826.62;3.09;204.64;5.75;0.0;0.0;0.0;1037.0;0.07
2019;286;365;copie_beauce_44_1;maisT;mais_tousSols_irr_organique;430.47;3.08;2687.34;2.97;0.0;3.17;0.0;3123.95;0.07
2019;213;314;copie_oceanique_14_1;solnu;;1214.24;5.49;6203.7;8.48;0.0;19.87;0.0;7446.29;0.07
2019;315;365;copie_oceanique_14_1;maisT;mais_tousSols_nonirr_organique;327.25;5.48;0.0;2.24;0.0;31.81;0.0;361.31;0.07
2020;1;138;sudouest_1_1;maisT;mais_tousSols_nonirr_organique;1099.74;5.45;0.0;7.73;0.0;50.01;0.0;1157.48;0.07
2020;139;366;sudouest_1_1;solnu;;2785.72;5.41;1904.45;19.12;0.0;48.53;0.0;4757.82;0.07
2020;1;111;beauce_1_1;orgeh;orgeH_tousSols_nonirr_organique;540.48;5.47;0.0;3.83;0.0;10.12;0.0;554.42;0.07
2020;112;366;beauce_1_1;solnu;;2433.06;5.44;4067.62;17.14;0.0;1.79;0.0;6519.61;0.07
2020;1;124;sudouest_2_1;maisT;mais_tousSols_nonirr_mineral;925.98;5.45;0.0;6.42;0.0;26.71;0.0;959.11;0.07
2020;125;366;sudouest_2_1;solnu;;2935.9;5.41;2257.64;20.54;0.0;54.01;0.0;5268.09;0.07
2020;1;366;sudouest_3_1;maisT;mais_tousSols_irr_organique;5297.57;1.63;108.88;36.0;0.0;166.39;0.0;5608.84;0.07
2020;1;199;sudouest_4_1;maisT;mais_tousSols_irr_mineral;2687.5;1.66;0.0;18.43;0.0;59.35;0.0;2765.27;0.07
2020;200;366;sudouest_4_1;solnu;;2189.2;1.64;47.59;13.57;0.0;44.29;0.0;2294.64;0.07
2020;1;331;sudouest_5_1;maisT;mais_tousSols_nonirr_organique;5011.12;1.64;109.06;34.06;0.0;173.18;0.0;5327.42;0.07
2020;332;366;sudouest_5_1;solnu;;189.29;1.63;0.34;0.09;0.0;2.01;0.0;191.73;0.07
2020;1;167;beauce_2_1;orgeh;orgeH_tousSols_nonirr_mineral;1136.1;5.46;0.0;7.9;0.0;12.67;0.0;1156.67;0.07
2020;168;366;beauce_2_1;solnu;;1890.31;5.44;2196.36;12.72;0.0;1.85;0.0;4101.25;0.07
2020;1;215;sudouest_6_1;maisT;mais_tousSols_nonirr_mineral;2850.94;1.66;5.37;19.45;0.0;84.91;0.0;2960.67;0.07
2020;216;366;sudouest_6_1;solnu;;1869.86;1.64;28.25;10.54;0.0;47.14;0.0;1955.79;0.07
2020;1;99;sudouest_7_1;maisT;mais_tousSols_irr_organique;664.21;5.46;0.0;4.64;0.0;11.09;0.0;679.94;0.07
2020;100;366;sudouest_7_1;solnu;;3152.57;5.41;3515.8;22.64;0.0;44.38;0.0;6735.4;0.07
2020;1;189;sudouest_8_1;maisT;mais_tousSols_irr_mineral;2014.91;5.44;0.0;13.99;0.0;32.68;0.0;2061.59;0.07
2020;190;366;sudouest_8_1;solnu;;1971.51;5.41;0.0;12.42;0.0;34.76;0.0;2018.7;0.07
2020;1;165;sudouest_9_1;maisT;mais_tousSols_nonirr_organique;1440.37;3.05;175.3;10.06;0.0;59.93;0.0;1685.66;0.07
2020;166;366;sudouest_9_1;solnu;;2321.49;3.03;2575.75;15.54;0.0;55.6;0.0;4968.37;0.07
2020;1;151;beauce_3_1;orgeh;orgeH_tousSols_irr_organique;1117.54;1.69;22.38;7.69;0.0;12.65;0.0;1160.25;0.07
2020;152;366;beauce_3_1;solnu;;2766.79;1.66;89.25;18.88;0.0;19.73;0.0;2894.66;0.07
2020;1;153;beauce_4_1;orgeh;orgeH_tousSols_irr_mineral;1147.13;1.69;22.5;7.83;0.0;12.74;0.0;1190.2;0.07
2020;154;366;beauce_4_1;solnu;;2738.14;1.66;88.8;18.71;0.0;19.6;0.0;2865.25;0.07
2020;1;265;beauce_5_1;orgeh;orgeH_tousSols_nonirr_organique;3494.2;1.67;55.16;23.82;0.0;15.13;0.0;3588.31;0.07
2020;266;366;beauce_5_1;solnu;;667.8;1.66;48.67;1.98;0.0;14.21;0.0;732.65;0.07
2020;1;112;beauce_6_1;orgeh;orgeH_tousSols_nonirr_mineral;667.87;1.7;13.29;4.63;0.0;7.38;0.0;693.17;0.07
2020;113;366;beauce_6_1;solnu;;3169.61;1.66;103.16;22.04;0.0;19.75;0.0;3314.56;0.07
2020;1;178;beauce_7_1;orgeh;orgeH_tousSols_irr_organique;1409.47;5.46;0.0;9.84;0.0;9.06;0.0;1428.38;0.07
2020;179;366;beauce_7_1;solnu;;1818.49;5.43;2875.22;12.5;0.0;1.99;0.0;4708.2;0.07
2020;1;123;beauce_8_1;orgeh;orgeH_tousSols_irr_mineral;644.61;5.47;0.0;4.48;0.0;10.89;0.0;659.98;0.07
2020;124;366;beauce_8_1;solnu;;2349.16;5.44;3657.78;16.48;0.0;1.93;0.0;6025.35;0.07
2020;1;324;sudouest_10_1;maisT;mais_tousSols_nonirr_mineral;4201.84;3.02;2327.07;29.1;0.0;86.11;0.0;6644.12;0.07
2020;325;366;sudouest_10_1;solnu;;192.66;3.02;0.0;0.03;0.0;5.21;0.0;197.89;0.07
2020;1;110;sudouest_11_1;maisT;mais_tousSols_irr_organique;732.46;3.06;0.0;5.08;0.0;30.57;0.0;768.1;0.07
2020;111;366;sudouest_11_1;solnu;;2939.29;3.03;6310.35;21.3;0.0;83.88;0.0;9354.83;0.07
2020;1;102;oceanique_1_1;CP;ble_tousSols_nonirr_organique;651.26;1.7;0.0;4.42;0.0;13.46;0.0;669.14;0.07
2020;103;366;oceanique_1_1;solnu;;3266.37;1.66;109.8;22.95;0.0;70.45;0.0;3469.57;0.07
2020;1;142;oceanique_2_1;CP;ble_tousSols_nonirr_mineral;894.02;5.47;0.0;6.2;0.0;37.3;0.0;937.52;0.07
2020;143;366;oceanique_2_1;solnu;;2245.9;5.43;1168.93;15.37;0.0;38.28;0.0;3468.48;0.07
2020;1;112;sudouest_12_1;maisT;mais_tousSols_irr_mineral;753.08;3.06;0.0;5.29;0.0;31.01;0.0;789.38;0.07
2020;113;366;sudouest_12_1;solnu;;2924.48;3.03;6046.35;20.82;0.0;82.93;0.0;9074.58;0.07
2020;1;234;sudouest_13_1;maisT;mais_tousSols_nonirr_organique;2802.1;5.42;0.0;19.49;0.0;53.03;0.0;2874.62;0.07
2020;235;366;sudouest_13_1;solnu;;1315.01;5.4;0.0;6.31;0.0;4.81;0.0;1326.13;0.07
2020;1;155;sudouest_14_1;maisT;mais_tousSols_nonirr_mineral;1346.79;5.45;0.0;9.35;0.0;53.39;0.0;1409.53;0.07
2020;156;366;sudouest_14_1;solnu;;2561.89;5.41;992.14;17.48;0.0;47.84;0.0;3619.35;0.07
2020;1;229;sudouest_15_1;maisT;mais_tousSols_irr_organique;3256.72;1.65;0.0;22.32;0.0;70.64;0.0;3349.67;0.07
2020;230;366;sudouest_15_1;solnu;;1603.33;1.64;37.5;10.67;0.0;44.38;0.0;1695.88;0.07
2020;1;135;sudouest_16_1;maisT;mais_tousSols_irr_mineral;1270.15;1.68;6.82;8.66;0.0;80.88;0.0;1366.51;0.07
2020;136;366;sudouest_16_1;solnu;;3406.59;1.64;138.23;23.71;0.0;124.12;0.0;3692.65;0.07
2020;1;246;oceanique_3_1;CP;ble_tousSols_nonirr_organique;2528.84;5.44;0.0;17.61;0.0;38.07;0.0;2584.52;0.07
2020;247;366;oceanique_3_1;solnu;;884.97;5.43;0.0;4.13;0.0;28.73;0.0;917.83;0.07
2020;1;105;oceanique_4_1;CP;ble_tousSols_nonirr_mineral;678.7;1.7;0.0;4.59;0.0;16.07;0.0;699.36;0.07
2020;106;366;oceanique_4_1;solnu;;3239.25;1.66;110.24;22.95;0.0;72.64;0.0;3445.07;0.07
2020;1;114;sudouest_17_1;maisT;mais_tousSols_nonirr_organique;979.8;1.68;0.0;6.66;0.0;49.8;0.0;1036.27;0.07
2020;115;366;sudouest_17_1;solnu;;3651.26;1.64;154.0;25.79;0.0;141.88;0.0;3972.93;0.07
2020;1;221;beauce_9_1;orgeh;orgeH_tousSols_nonirr_organique;2063.15;3.06;1679.3;14.38;0.0;6.99;0.0;3763.82;0.07
2020;222;366;beauce_9_1;solnu;;1183.69;3.05;4872.86;7.31;0.0;4.2;0.0;6068.06;0.07
2020;1;101;oceanique_5_1;CP;ble_tousSols_nonirr_organique;499.62;3.08;0.0;3.45;0.0;14.51;0.0;517.59;0.07
2020;102;366;oceanique_5_1;solnu;;2463.8;3.05;4393.89;17.46;0.0;43.24;0.0;6918.39;0.07
2020;1;112;sudouest_18_1;maisT;mais_tousSols_nonirr_mineral;949.05;1.68;0.0;6.54;0.0;48.05;0.0;1003.65;0.07
2020;113;366;sudouest_18_1;solnu;;3679.16;1.64;155.17;25.91;0.0;138.95;0.0;3999.19;0.07
2020;1;174;sudouest_19_1;maisT;mais_tousSols_irr_organique;1683.45;5.44;0.0;11.71;0.0;53.03;0.0;1748.18;0.07
2020;175;366;sudouest_19_1;solnu;;2261.52;5.41;473.96;15.19;0.0;40.27;0.0;2790.95;0.07
2020;1;245;sudouest_20_1;maisT;mais_tousSols_irr_mineral;3187.68;5.42;0.0;22.25;0.0;34.07;0.0;3244.0;0.07
2020;246;366;sudouest_20_1;solnu;;1018.24;5.4;0.0;6.08;0.0;14.55;0.0;1038.87;0.07
2020;1;175;sudouest_21_1;maisT;mais_tousSols_nonirr_organique;1624.06;3.05;0.0;11.38;0.0;44.04;0.0;1679.47;0.07
2020;176;366;sudouest_21_1;solnu;;2152.0;3.03;1965.35;14.18;0.0;36.48;0.0;4168.01;0.07
2020;1;158;sudouest_22_1;maisT;mais_tousSols_nonirr_mineral;1329.79;3.06;0.0;9.25;0.0;34.94;0.0;1373.98;0.07
2020;159;366;sudouest_22_1;solnu;;2401.21;3.03;3148.76;16.53;0.0;40.81;0.0;5607.31;0.07
2020;1;344;sudouest_23_1;maisT;mais_tousSols_irr_organique;4215.13;3.02;1873.27;29.17;0.0;96.68;0.0;6214.26;0.07
2020;345;366;sudouest_23_1;solnu;;88.79;3.02;0.0;0.0;0.0;0.77;0.0;89.56;0.07
2020;1;279;oceanique_6_1;CP;ble_tousSols_nonirr_mineral;2995.34;3.05;2214.89;20.74;0.0;69.99;0.0;5300.96;0.07
2020;280;366;oceanique_6_1;solnu;;441.13;3.04;0.0;0.71;0.0;11.19;0.0;453.03;0.07
2020;1;116;beauce_10_1;orgeh;orgeH_tousSols_nonirr_mineral;564.86;3.08;518.23;3.96;0.0;8.15;0.0;1095.2;0.07
2020;117;366;beauce_10_1;solnu;;2241.95;3.05;6093.96;15.64;0.0;7.83;0.0;8359.38;0.07
2020;1;229;beauce_11_1;orgeh;orgeH_tousSols_irr_organique;2044.88;3.06;1305.66;14.27;0.0;8.41;0.0;3373.22;0.07
2020;230;366;beauce_11_1;solnu;;1060.0;3.05;3653.95;6.12;0.0;3.59;0.0;4723.65;0.07
2020;1;193;beauce_12_1;orgeh;orgeH_tousSols_irr_mineral;1618.18;3.06;422.57;11.36;0.0;6.75;0.0;2058.86;0.07
2020;194;366;beauce_12_1;solnu;;1529.81;3.05;5456.61;10.37;0.0;3.74;0.0;7000.52;0.07
2020;1;162;sudouest_24_1;maisT;mais_tousSols_irr_mineral;1382.16;3.06;0.0;9.64;0.0;51.85;0.0;1443.65;0.07
2020;163;366;sudouest_24_1;solnu;;2447.73;3.03;3332.57;16.91;0.0;53.38;0.0;5850.59;0.07
2020;1;366;beauce_13_1;CP;ble_tousSols_nonirr_organique;3444.64;5.43;2295.44;23.87;0.0;13.12;0.0;5777.07;0.07
2020;1;277;beauce_14_1;maisT;mais_tousSols_nonirr_organique;2829.14;5.44;1051.93;19.66;0.0;11.69;0.0;3912.41;0.07
2020;278;366;beauce_14_1;solnu;;457.42;5.43;0.0;0.22;0.0;0.57;0.0;458.21;0.07
2020;1;243;beauce_15_1;maisT;mais_tousSols_nonirr_organique;2276.51;5.45;0.0;15.9;0.0;13.26;0.0;2305.68;0.07
2020;244;366;beauce_15_1;solnu;;918.08;5.43;0.0;1.51;0.0;0.34;0.0;919.93;0.07
2020;1;338;beauce_16_1;maisT;mais_tousSols_nonirr_mineral;3259.12;5.43;1080.69;22.58;0.0;11.73;0.0;4374.12;0.07
2020;339;366;beauce_16_1;solnu;;97.54;5.43;0.0;0.0;0.0;0.96;0.0;98.5;0.07
2020;1;157;beauce_17_1;CP;ble_tousSols_nonirr_mineral;993.24;5.47;0.0;6.92;0.0;9.61;0.0;1009.77;0.07
2020;158;366;beauce_17_1;solnu;;1918.5;5.44;1869.88;12.8;0.0;1.77;0.0;3802.96;0.07
2020;1;244;beauce_18_1;maisT;mais_tousSols_nonirr_mineral;2212.41;5.45;1023.16;15.41;0.0;11.82;0.0;3262.8;0.07
2020;245;366;beauce_18_1;solnu;;915.86;5.43;0.0;1.47;0.0;0.21;0.0;917.54;0.07
2020;1;130;beauce_19_1;CP;ble_tousSols_irr_organique;866.84;1.7;20.24;5.93;0.0;11.96;0.0;904.98;0.07
2020;131;366;beauce_19_1;solnu;;2861.04;1.67;86.78;19.51;0.0;19.82;0.0;2987.15;0.07
2020;1;249;beauce_20_1;maisT;mais_tousSols_irr_organique;2263.98;1.68;40.61;15.5;0.0;13.83;0.0;2333.93;0.07
2020;250;366;beauce_20_1;solnu;;997.38;1.67;0.0;1.91;0.0;7.6;0.0;1006.89;0.07
2020;1;147;beauce_21_1;maisT;mais_tousSols_irr_organique;1048.99;1.69;42.73;7.16;0.0;13.95;0.0;1112.84;0.07
2020;148;366;beauce_21_1;solnu;;2523.25;1.67;78.81;18.08;0.0;28.75;0.0;2648.89;0.07
2020;1;119;beauce_22_1;maisT;mais_tousSols_irr_mineral;745.23;1.7;36.47;5.08;0.0;13.58;0.0;800.37;0.07
2020;120;366;beauce_22_1;solnu;;2869.07;1.67;104.91;21.98;0.0;31.34;0.0;3027.3;0.07
2020;1;233;beauce_23_1;CP;ble_tousSols_irr_mineral;2740.68;1.68;19.87;18.7;0.0;9.53;0.0;2788.79;0.07
2020;234;366;beauce_23_1;solnu;;1252.54;1.66;56.76;6.82;0.0;10.77;0.0;1326.89;0.07
2020;1;296;beauce_24_1;maisT;mais_tousSols_irr_mineral;3064.82;1.67;43.64;20.85;0.0;18.53;0.0;3147.84;0.07
2020;297;366;beauce_24_1;solnu;;367.68;1.67;0.2;0.5;0.0;6.86;0.0;375.24;0.07
2020;1;317;beauce_25_1;CP;ble_tousSols_nonirr_organique;4086.92;1.66;87.16;27.78;0.0;15.59;0.0;4217.45;0.07
2020;318;366;beauce_25_1;solnu;;228.61;1.66;26.61;0.0;0.0;9.05;0.0;264.27;0.07
2020;1;205;beauce_26_1;maisT;mais_tousSols_nonirr_organique;1514.41;1.69;29.55;10.3;0.0;12.63;0.0;1566.89;0.07
2020;206;366;beauce_26_1;solnu;;1479.12;1.67;12.04;6.12;0.0;7.0;0.0;1504.28;0.07
2020;1;284;beauce_27_1;maisT;mais_tousSols_nonirr_organique;2947.39;1.67;42.38;20.12;0.0;13.84;0.0;3023.73;0.07
2020;285;366;beauce_27_1;solnu;;475.15;1.67;0.0;0.59;0.0;8.36;0.0;484.1;0.07
2020;1;225;beauce_28_1;maisT;mais_tousSols_nonirr_mineral;1738.65;1.69;27.8;11.89;0.0;12.3;0.0;1790.64;0.07
2020;226;366;beauce_28_1;solnu;;1370.55;1.67;6.78;4.9;0.0;5.96;0.0;1388.19;0.07
2020;1;105;beauce_29_1;CP;ble_tousSols_nonirr_mineral;598.26;1.7;5.59;4.07;0.0;5.02;0.0;612.94;0.07
2020;106;366;beauce_29_1;solnu;;3108.82;1.67;97.76;21.78;0.0;15.88;0.0;3244.24;0.07
2020;1;366;beauce_30_1;maisT;mais_tousSols_nonirr_mineral;3513.92;1.67;59.48;23.92;0.0;30.98;0.0;3628.3;0.07
2020;1;138;beauce_31_1;CP;ble_tousSols_irr_organique;780.55;5.47;0.0;5.45;0.0;12.02;0.0;798.03;0.07
2020;139;366;beauce_31_1;solnu;;2109.71;5.44;2555.84;14.35;0.0;1.76;0.0;4681.66;0.07
2020;1;225;beauce_32_1;maisT;mais_tousSols_irr_organique;1890.69;5.45;373.97;13.15;0.0;12.75;0.0;2290.56;0.07
2020;226;366;beauce_32_1;solnu;;1087.11;5.44;0.0;2.94;0.0;0.31;0.0;1090.37;0.07
2020;1;345;beauce_33_1;maisT;mais_tousSols_irr_organique;3298.78;5.43;737.83;22.87;0.0;12.67;0.0;4072.14;0.07
2020;346;366;beauce_33_1;solnu;;70.59;5.43;0.0;0.0;0.0;1.3;0.0;71.89;0.07
2020;1;140;beauce_34_1;maisT;mais_tousSols_irr_mineral;803.51;5.47;943.42;5.67;0.0;11.98;0.0;1764.57;0.07
2020;141;366;beauce_34_1;solnu;;1950.77;5.44;657.88;11.33;0.0;14.57;0.0;2634.55;0.07
2020;1;223;beauce_35_1;CP;ble_tousSols_irr_mineral;1915.88;5.45;0.0;13.33;0.0;11.91;0.0;1941.12;0.07
2020;224;366;beauce_35_1;solnu;;1131.41;5.43;58.04;6.71;0.0;1.9;0.0;1198.05;0.07
2020;1;348;beauce_36_1;maisT;mais_tousSols_irr_mineral;3320.55;5.43;943.42;22.98;0.0;12.81;0.0;4299.76;0.07
2020;349;366;beauce_36_1;solnu;;54.22;5.43;0.0;0.0;0.0;0.7;0.0;54.92;0.07
2020;1;366;beauce_37_1;CP;ble_tousSols_nonirr_organique;3225.13;3.05;5629.61;22.35;0.0;11.91;0.0;8889.01;0.07
2020;1;307;beauce_38_1;maisT;mais_tousSols_nonirr_organique;2681.0;3.05;3645.3;18.58;0.0;10.71;0.0;6355.58;0.07
2020;308;366;beauce_38_1;solnu;;225.58;3.05;0.0;0.05;0.0;1.74;0.0;227.37;0.07
2020;1;147;beauce_39_1;maisT;mais_tousSols_nonirr_organique;821.25;3.07;3858.96;5.71;0.0;9.01;0.0;4694.94;0.07
2020;148;366;beauce_39_1;solnu;;1720.14;3.05;1924.15;9.64;0.0;12.68;0.0;3666.61;0.07
2020;1;150;beauce_40_1;maisT;mais_tousSols_nonirr_mineral;850.35;3.07;3930.98;5.93;0.0;8.91;0.0;4796.17;0.07
2020;151;366;beauce_40_1;solnu;;1701.89;3.05;1695.39;9.18;0.0;12.6;0.0;3419.06;0.07
2020;1;118;beauce_41_1;CP;ble_tousSols_nonirr_mineral;578.81;3.08;526.87;4.03;0.0;8.2;0.0;1117.91;0.07
2020;119;366;beauce_41_1;solnu;;2102.63;3.05;4934.93;14.27;0.0;7.29;0.0;7059.12;0.07
2020;1;115;beauce_42_1;maisT;mais_tousSols_nonirr_mineral;553.65;3.08;2502.4;3.86;0.0;9.52;0.0;3069.43;0.07
2020;116;366;beauce_42_1;solnu;;1985.12;3.05;4257.03;13.61;0.0;13.47;0.0;6269.23;0.07
2020;1;189;beauce_43_1;CP;ble_tousSols_irr_organique;1500.28;3.07;0.0;10.48;0.0;7.2;0.0;1517.97;0.07
2020;190;366;beauce_43_1;solnu;;1465.2;3.05;2751.55;10.18;0.0;1.96;0.0;4228.89;0.07
2020;1;322;beauce_44_1;maisT;mais_tousSols_irr_organique;2758.22;3.05;3859.63;19.1;0.0;9.94;0.0;6646.88;0.07
2020;323;366;beauce_44_1;solnu;;160.53;3.05;0.0;0.02;0.0;1.85;0.0;162.4;0.07
2020;1;171;beauce_45_1;maisT;mais_tousSols_irr_organique;1085.19;3.07;3929.66;7.63;0.0;8.9;0.0;5031.38;0.07
2020;172;366;beauce_45_1;solnu;;1415.49;3.05;295.3;5.73;0.0;11.66;0.0;1728.18;0.07
2020;1;169;beauce_46_1;maisT;mais_tousSols_irr_mineral;1045.93;3.07;2502.95;7.31;0.0;9.82;0.0;3566.0;0.07
2020;170;366;beauce_46_1;solnu;;1469.79;3.05;580.35;6.51;0.0;10.24;0.0;2066.89;0.07
2020;1;102;beauce_47_1;CP;ble_tousSols_irr_mineral;454.02;3.08;0.0;3.17;0.0;5.62;0.0;462.81;0.07
2020;103;366;beauce_47_1;solnu;;2210.27;3.05;5561.0;15.21;0.0;6.38;0.0;7792.84;0.07
2020;1;237;beauce_48_1;maisT;mais_tousSols_irr_mineral;1725.02;3.06;3930.26;11.98;0.0;8.91;0.0;5676.17;0.07
2020;238;366;beauce_48_1;solnu;;920.05;3.05;0.0;1.44;0.0;3.01;0.0;924.5;0.07
2020;1;274;oceanique_7_1;orgeh;orgeH_tousSols_nonirr_organique;3746.55;1.66;77.37;25.45;0.0;110.3;0.0;3959.67;0.07
2020;275;366;oceanique_7_1;solnu;;637.88;1.66;7.41;1.79;0.0;25.92;0.0;673.0;0.07
2020;1;277;oceanique_8_1;maisT;mais_tousSols_nonirr_organique;3611.34;1.67;39.17;24.55;0.0;116.3;0.0;3791.36;0.07
2020;278;366;oceanique_8_1;solnu;;635.3;1.66;0.0;0.63;0.0;6.87;0.0;642.8;0.07
2020;1;192;oceanique_9_1;maisT;mais_tousSols_nonirr_organique;1997.91;1.68;33.0;13.64;0.0;73.16;0.0;2117.72;0.07
2020;193;366;oceanique_9_1;solnu;;1891.81;1.66;31.96;10.08;0.0;60.26;0.0;1994.11;0.07
2020;1;190;oceanique_10_1;maisT;mais_tousSols_nonirr_mineral;1629.66;5.46;0.0;11.33;0.0;62.65;0.0;1703.64;0.07
2020;191;366;oceanique_10_1;solnu;;1516.87;5.43;0.0;7.32;0.0;6.74;0.0;1530.92;0.07
2020;1;124;oceanique_11_1;orgeh;orgeH_tousSols_nonirr_mineral;699.68;5.47;0.0;4.84;0.0;29.33;0.0;733.86;0.07
2020;125;366;oceanique_11_1;solnu;;2516.85;5.43;2389.29;17.79;0.0;41.24;0.0;4965.18;0.07
2020;1;184;oceanique_12_1;maisT;mais_tousSols_nonirr_mineral;1402.19;5.46;347.73;9.81;0.0;12.82;0.0;1772.56;0.07
2020;185;366;oceanique_12_1;solnu;;1385.91;5.44;0.0;5.89;0.0;2.19;0.0;1393.99;0.07
2020;1;257;oceanique_13_1;orgeh;orgeH_tousSols_nonirr_organique;2906.21;5.44;1493.78;20.22;0.0;14.52;0.0;4434.73;0.07
2020;258;366;oceanique_13_1;solnu;;760.64;5.42;0.0;3.09;0.0;48.02;0.0;811.74;0.07
2020;1;243;oceanique_14_1;maisT;mais_tousSols_nonirr_organique;2412.85;5.44;27.41;16.74;0.0;65.14;0.0;2522.15;0.07
2020;244;366;oceanique_14_1;solnu;;972.64;5.43;0.0;1.44;0.0;1.0;0.0;975.08;0.07
2020;1;96;oceanique_15_1;maisT;mais_tousSols_nonirr_organique;479.44;5.47;0.0;3.38;0.0;17.63;0.0;500.46;0.07
2020;97;366;oceanique_15_1;solnu;;2454.45;5.44;1698.97;16.76;0.0;53.71;0.0;4223.89;0.07
2020;1;113;oceanique_16_1;maisT;mais_tousSols_nonirr_mineral;751.54;1.7;9.54;5.15;0.0;45.07;0.0;811.3;0.07
2020;114;366;oceanique_16_1;solnu;;3050.83;1.66;92.49;20.22;0.0;113.19;0.0;3276.73;0.07
2020;1;343;oceanique_17_1;orgeh;orgeH_tousSols_nonirr_mineral;4371.0;1.66;103.98;29.68;0.0;114.65;0.0;4619.3;0.07
2020;344;366;oceanique_17_1;solnu;;126.55;1.66;7.53;0.0;0.0;12.2;0.0;146.28;0.07
2020;1;125;oceanique_18_1;maisT;mais_tousSols_nonirr_mineral;859.7;1.69;21.64;5.84;0.0;51.69;0.0;938.87;0.07
2020;126;366;oceanique_18_1;solnu;;2965.77;1.66;89.32;19.62;0.0;121.75;0.0;3196.46;0.07
2020;1;105;oceanique_19_1;orgeh;orgeH_tousSols_nonirr_organique;528.37;3.08;0.0;3.64;0.0;20.97;0.0;552.97;0.07
2020;106;366;oceanique_19_1;solnu;;2546.22;3.05;5273.31;18.47;0.0;51.7;0.0;7889.7;0.07
2020;1;115;oceanique_20_1;maisT;mais_tousSols_nonirr_organique;605.81;3.07;34.35;4.2;0.0;42.36;0.0;686.72;0.07
2020;116;366;oceanique_20_1;solnu;;2248.72;3.05;2815.48;14.94;0.0;82.0;0.0;5161.14;0.07
2020;1;125;oceanique_21_1;maisT;mais_tousSols_nonirr_organique;670.15;3.07;436.59;4.64;0.0;46.35;0.0;1157.74;0.07
2020;126;366;oceanique_21_1;solnu;;2213.08;3.05;2389.64;14.06;0.0;86.64;0.0;4703.42;0.07
2020;1;188;oceanique_22_1;maisT;mais_tousSols_nonirr_mineral;1512.02;3.06;72.05;10.51;0.0;61.75;0.0;1656.34;0.07
2020;189;366;oceanique_22_1;solnu;;1496.8;3.05;458.9;6.99;0.0;32.12;0.0;1994.81;0.07
2020;1;323;oceanique_23_1;orgeh;orgeH_tousSols_nonirr_mineral;3339.42;3.04;2789.46;23.1;0.0;92.14;0.0;6244.12;0.07
2020;324;366;oceanique_23_1;solnu;;203.59;3.04;16.27;0.0;0.0;8.89;0.0;228.75;0.07
2020;1;278;oceanique_24_1;maisT;mais_tousSols_nonirr_mineral;2910.0;3.05;320.66;20.13;0.0;77.02;0.0;3327.81;0.07
2020;279;366;oceanique_24_1;solnu;;482.29;3.04;0.0;0.2;0.0;1.59;0.0;484.08;0.07
2020;1;243;sudouest_25_1;CP;ble_tousSols_nonirr_organique;3290.07;5.42;4595.4;22.95;0.0;8.33;0.0;7916.74;0.07
2020;244;366;sudouest_25_1;solnu;;1183.29;5.4;0.0;6.83;0.0;38.05;0.0;1228.17;0.07
2020;1;353;sudouest_26_1;orgeh;orgeH_tousSols_nonirr_organique;5030.38;5.39;4590.84;34.78;0.0;85.79;0.0;9741.79;0.07
2020;354;366;sudouest_26_1;solnu;;51.94;5.39;0.0;0.0;0.0;1.42;0.0;53.37;0.07
2020;1;364;sudouest_27_1;CP;ble_tousSols_nonirr_mineral;4648.41;5.4;3515.76;32.16;0.0;74.0;0.0;8270.34;0.07
2020;365;366;sudouest_27_1;solnu;;13.16;5.4;0.0;0.0;0.0;0.0;0.0;13.16;0.07
2020;1;230;sudouest_28_1;orgeh;orgeH_tousSols_nonirr_mineral;2839.4;5.42;2944.33;19.72;0.0;25.98;0.0;5829.43;0.07
2020;231;366;sudouest_28_1;solnu;;1539.36;5.4;858.97;9.94;0.0;42.04;0.0;2450.31;0.07
2020;1;147;sudouest_29_1;CP;ble_tousSols_irr_organique;1513.7;1.67;1.74;10.33;0.0;33.58;0.0;1559.35;0.07
2020;148;366;sudouest_29_1;solnu;;3322.39;1.64;151.69;24.17;0.0;74.0;0.0;3572.25;0.07
2020;1;366;sudouest_30_1;orgeh;orgeH_tousSols_irr_organique;5974.15;1.63;331.17;40.6;0.0;196.37;0.0;6542.29;0.07
2020;1;137;sudouest_31_1;CP;ble_tousSols_irr_mineral;1297.58;1.68;6.52;8.85;0.0;78.14;0.0;1391.09;0.07
2020;138;366;sudouest_31_1;solnu;;3526.53;1.64;154.06;25.01;0.0;105.82;0.0;3811.42;0.07
2020;1;282;sudouest_32_1;orgeh;orgeH_tousSols_irr_mineral;4827.4;1.64;159.48;32.84;0.0;123.19;0.0;5142.91;0.07
2020;283;366;sudouest_32_1;solnu;;601.56;1.63;10.17;1.59;0.0;59.82;0.0;673.15;0.07
2020;1;366;sudouest_33_1;CP;ble_tousSols_nonirr_organique;5500.87;1.63;179.22;37.39;0.0;177.62;0.0;5895.09;0.07
2020;1;246;sudouest_34_1;orgeh;orgeH_tousSols_nonirr_organique;4148.43;1.65;88.16;28.39;0.0;64.07;0.0;4329.05;0.07
2020;247;366;sudouest_34_1;solnu;;1336.35;1.63;120.36;7.39;0.0;95.77;0.0;1559.87;0.07
2020;1;272;sudouest_35_1;CP;ble_tousSols_nonirr_mineral;4646.77;1.64;131.68;31.69;0.0;95.34;0.0;4905.48;0.07
2020;273;366;sudouest_35_1;solnu;;692.0;1.63;21.79;2.04;0.0;78.06;0.0;793.89;0.07
2020;1;199;sudouest_36_1;orgeh;orgeH_tousSols_nonirr_mineral;2709.16;1.66;4.11;18.57;0.0;73.83;0.0;2805.67;0.07
2020;200;366;sudouest_36_1;solnu;;2432.27;1.63;151.26;16.47;0.0;90.25;0.0;2690.26;0.07
2020;1;323;sudouest_37_1;CP;ble_tousSols_irr_organique;4490.22;5.4;5081.6;31.07;0.0;48.46;0.0;9651.36;0.07
2020;324;366;sudouest_37_1;solnu;;215.01;5.4;0.0;0.0;0.0;15.5;0.0;230.51;0.07
2020;1;237;sudouest_38_1;orgeh;orgeH_tousSols_irr_organique;3028.8;5.42;4205.55;21.16;0.0;16.08;0.0;7271.59;0.07
2020;238;366;sudouest_38_1;solnu;;1406.84;5.4;186.6;8.52;0.0;42.07;0.0;1644.03;0.07
2020;1;265;sudouest_39_1;CP;ble_tousSols_irr_mineral;3871.21;5.41;5610.14;26.96;0.0;9.01;0.0;9517.32;0.07
2020;266;366;sudouest_39_1;solnu;;723.39;5.4;0.0;2.66;0.0;30.32;0.0;756.38;0.07
2020;1;147;sudouest_40_1;orgeh;orgeH_tousSols_irr_mineral;1260.19;5.45;0.0;8.75;0.0;8.16;0.0;1277.1;0.07
2020;148;366;sudouest_40_1;solnu;;2928.37;5.4;3486.35;21.16;0.0;40.29;0.0;6476.17;0.07
2020;1;195;sudouest_41_1;CP;ble_tousSols_nonirr_organique;2071.53;3.05;0.0;14.43;0.0;53.95;0.0;2139.92;0.07
2020;196;366;sudouest_41_1;solnu;;1939.19;3.03;3331.93;14.43;0.0;33.73;0.0;5319.28;0.07
2020;1;197;sudouest_42_1;orgeh;orgeH_tousSols_nonirr_organique;2217.16;3.05;1807.25;15.46;0.0;25.78;0.0;4065.66;0.07
2020;198;366;sudouest_42_1;solnu;;2050.47;3.02;6779.47;14.67;0.0;43.85;0.0;8888.46;0.07
2020;1;310;sudouest_43_1;CP;ble_tousSols_nonirr_mineral;4181.58;3.02;6447.51;28.96;0.0;83.09;0.0;10741.13;0.07
2020;311;366;sudouest_43_1;solnu;;269.46;3.02;12.67;0.15;0.0;16.53;0.0;298.81;0.07
2020;1;136;sudouest_44_1;orgeh;orgeH_tousSols_nonirr_mineral;1021.2;3.06;0.0;7.1;0.0;50.28;0.0;1078.58;0.07
2020;137;366;sudouest_44_1;solnu;;2979.35;3.03;7063.27;21.61;0.0;56.15;0.0;10120.37;0.07
2020;1;192;sudouest_45_1;CP;ble_tousSols_irr_organique;2091.55;3.05;1465.04;14.72;0.0;19.37;0.0;3590.69;0.07
2020;193;366;sudouest_45_1;solnu;;2122.9;3.02;6145.9;15.93;0.0;41.0;0.0;8325.73;0.07
2020;1;122;sudouest_46_1;orgeh;orgeH_tousSols_irr_organique;850.55;3.06;0.0;5.9;0.0;26.88;0.0;883.32;0.07
2020;123;366;sudouest_46_1;solnu;;3121.97;3.03;7966.42;22.89;0.0;63.49;0.0;11174.78;0.07
2020;1;117;sudouest_47_1;CP;ble_tousSols_irr_mineral;807.63;3.06;0.0;5.62;0.0;21.66;0.0;834.91;0.07
2020;118;366;sudouest_47_1;solnu;;3042.68;3.03;7230.49;22.34;0.0;55.97;0.0;10351.48;0.07
2020;1;220;sudouest_48_1;orgeh;orgeH_tousSols_irr_mineral;2577.04;3.04;1126.15;17.9;0.0;50.94;0.0;3772.03;0.07
2020;221;366;sudouest_48_1;solnu;;1611.41;3.02;5278.82;10.95;0.0;40.98;0.0;6942.17;0.07
2020;1;366;copie_sudouest_1_1;loliumPerenne;loliumPerenne_TousSols_min;2938.04;5.42;0.0;34.27;0.0;0.19;0.0;2972.5;0.07
2020;1;205;copie_sudouest_2_1;maisT;mais_tousSols_nonirr_mineral;2294.67;5.43;0.0;15.97;0.0;52.21;0.0;2362.85;0.07
2020;206;366;copie_sudouest_2_1;solnu;;1713.53;5.41;0.0;9.38;0.0;18.24;0.0;1741.14;0.07
2020;1;366;copie_beauce_8_1;loliumPerenne;loliumPerenne_TousSols_irr_min;2473.54;5.44;0.0;25.36;0.0;0.0;0.0;2498.9;0.07
2020;1;193;copie_oceanique_1_1;CP;ble_tousSols_nonirr_organique;2057.73;1.68;3.73;14.05;0.0;37.18;0.0;2112.69;0.07
2020;194;366;copie_oceanique_1_1;solnu;;2003.5;1.66;68.47;13.66;0.0;39.6;0.0;2125.22;0.07
2020;1;290;copie_oceanique_5_1;CP;ble_tousSols_nonirr_organique;3078.88;3.05;1820.71;21.28;0.0;78.08;0.0;4998.96;0.07
2020;291;366;copie_oceanique_5_1;solnu;;370.06;3.04;0.0;0.28;0.0;11.09;0.0;381.43;0.07
2020;1;277;copie_sudouest_18_1;maisT;mais_tousSols_nonirr_mineral;4673.51;1.64;98.88;31.77;0.0;107.41;0.0;4911.58;0.07
2020;278;366;copie_sudouest_18_1;solnu;;626.65;1.63;0.07;1.16;0.0;29.04;0.0;656.93;0.07
2020;1;319;copie_sudouest_22_1;maisT;mais_tousSols_nonirr_mineral;4155.09;3.02;2271.18;28.76;0.0;81.47;0.0;6536.5;0.07
2020;320;366;copie_sudouest_22_1;solnu;;217.96;3.02;0.0;0.09;0.0;10.78;0.0;228.83;0.07
2020;1;309;copie_beauce_10_1;orgeh;orgeH_tousSols_nonirr_mineral;3004.76;3.05;5169.55;20.79;0.0;10.12;0.0;8205.21;0.07
2020;310;366;copie_beauce_10_1;solnu;;221.06;3.05;912.74;0.0;0.0;3.8;0.0;1137.61;0.07
2020;1;206;copie_beauce_44_1;maisT;mais_tousSols_irr_organique;1396.09;3.07;2886.26;9.7;0.0;9.63;0.0;4301.67;0.07
2020;207;366;copie_beauce_44_1;solnu;;1007.33;3.06;0.0;3.56;0.0;3.9;0.0;1014.79;0.07
2020;1;189;copie_oceanique_14_1;maisT;mais_tousSols_nonirr_organique;1604.03;5.46;26.58;11.18;0.0;65.29;0.0;1707.08;0.07
2020;190;366;copie_oceanique_14_1;solnu;;1534.68;5.43;0.0;7.14;0.0;10.57;0.0;1552.38;0.07
2021;1;365;sudouest_1_1;solnu;;4238.45;5.34;11150.05;32.7;0.0;178.34;0.0;15599.55;0.07
2021;1;365;beauce_1_1;solnu;;3122.39;5.39;8478.26;23.49;0.0;62.05;0.0;11686.19;0.07
2021;1;365;sudouest_2_1;solnu;;4258.31;5.34;10968.42;32.55;0.0;177.74;0.0;15437.02;0.07
2021;1;26;sudouest_3_1;maisT;mais_tousSols_irr_organique;129.11;1.63;8.12;0.85;0.0;12.73;0.0;150.82;0.06
2021;27;365;sudouest_3_1;solnu;;3802.58;1.59;184.81;30.76;0.0;245.84;0.0;4263.99;0.06
2021;1;365;sudouest_4_1;solnu;;4454.4;1.59;243.9;35.56;0.0;277.89;0.0;5011.74;0.06
2021;1;365;sudouest_5_1;solnu;;3941.64;1.59;197.88;32.58;0.0;251.83;0.0;4423.93;0.06
2021;1;365;beauce_2_1;solnu;;3075.33;5.39;8669.26;23.78;0.0;62.6;0.0;11830.97;0.07
2021;1;365;sudouest_6_1;solnu;;4416.87;1.59;246.42;36.12;0.0;275.28;0.0;4974.69;0.06
2021;1;365;sudouest_7_1;solnu;;4232.0;5.34;10957.87;32.2;0.0;176.45;0.0;15398.53;0.07
2021;1;365;sudouest_8_1;solnu;;4104.82;5.34;11478.59;33.55;0.0;175.88;0.0;15792.83;0.07
2021;1;365;sudouest_9_1;solnu;;4022.4;2.98;18014.82;31.86;0.0;201.59;0.0;22270.68;0.07
2021;1;365;beauce_3_1;solnu;;3628.25;1.62;193.53;26.65;0.0;173.76;0.0;4022.19;0.07
2021;1;365;beauce_4_1;solnu;;3627.3;1.62;193.35;26.66;0.0;173.06;0.0;4020.37;0.07
2021;1;365;beauce_5_1;solnu;;3386.77;1.62;177.33;27.52;0.0;139.05;0.0;3730.66;0.07
2021;1;365;beauce_6_1;solnu;;3656.88;1.62;200.59;26.49;0.0;180.31;0.0;4064.28;0.07
2021;1;365;beauce_7_1;solnu;;3072.29;5.39;8618.28;23.7;0.0;62.67;0.0;11776.95;0.07
2021;1;365;beauce_8_1;solnu;;3116.65;5.39;8562.96;23.53;0.0;62.2;0.0;11765.34;0.07
2021;1;365;sudouest_10_1;solnu;;3380.54;2.98;14478.43;29.24;0.0;143.43;0.0;18031.64;0.07
2021;1;365;sudouest_11_1;solnu;;4065.09;2.98;17471.35;30.94;0.0;213.53;0.0;21780.92;0.07
2021;1;365;oceanique_1_1;solnu;;3700.77;1.62;143.14;27.28;0.0;257.11;0.0;4128.29;0.07
2021;1;365;oceanique_2_1;solnu;;3146.9;5.38;6253.06;24.58;0.0;184.66;0.0;9609.21;0.07
2021;1;365;sudouest_12_1;solnu;;4057.93;2.98;17557.22;31.07;0.0;212.45;0.0;21858.67;0.07
2021;1;365;sudouest_13_1;solnu;;3947.65;5.34;11491.67;34.43;0.0;143.52;0.0;15617.27;0.07
2021;1;365;sudouest_14_1;solnu;;4209.93;5.34;11089.23;32.9;0.0;178.41;0.0;15510.46;0.07
2021;1;365;sudouest_15_1;solnu;;4417.48;1.59;245.14;35.88;0.0;273.43;0.0;4971.92;0.06
2021;1;365;sudouest_16_1;solnu;;4640.52;1.59;240.04;34.56;0.0;365.7;0.0;5280.82;0.06
2021;1;365;oceanique_3_1;solnu;;2953.35;5.38;6597.31;25.64;0.0;163.7;0.0;9740.01;0.07
2021;1;365;oceanique_4_1;solnu;;3701.5;1.62;143.36;27.28;0.0;258.86;0.0;4131.01;0.07
2021;1;365;sudouest_17_1;solnu;;4612.4;1.59;239.36;34.39;0.0;369.42;0.0;5255.58;0.06
2021;1;365;beauce_9_1;solnu;;2928.62;3.01;13350.0;23.62;0.0;75.89;0.0;16378.13;0.07
2021;1;365;oceanique_5_1;solnu;;3104.54;3.01;9447.3;23.8;0.0;171.31;0.0;12746.96;0.07
2021;1;365;sudouest_18_1;solnu;;4614.05;1.59;239.38;34.38;0.0;368.13;0.0;5255.93;0.06
2021;1;365;sudouest_19_1;solnu;;4165.78;5.34;11266.37;33.18;0.0;178.78;0.0;15644.1;0.07
2021;1;365;sudouest_20_1;solnu;;3965.24;5.34;11478.56;34.3;0.0;155.13;0.0;15633.24;0.07
2021;1;365;sudouest_21_1;solnu;;3989.23;2.98;18105.86;32.0;0.0;189.97;0.0;22317.07;0.07
2021;1;365;sudouest_22_1;solnu;;4033.31;2.98;17921.36;31.69;0.0;194.6;0.0;22180.96;0.07
2021;1;365;sudouest_23_1;solnu;;3379.19;2.99;14362.84;29.11;0.0;141.2;0.0;17912.34;0.07
2021;1;365;oceanique_6_1;solnu;;2748.04;3.01;9171.59;24.94;0.0;122.58;0.0;12067.16;0.07
2021;1;365;beauce_10_1;solnu;;3052.3;3.02;13812.75;23.12;0.0;99.17;0.0;16987.34;0.07
2021;1;365;beauce_11_1;solnu;;2916.71;3.01;13048.59;23.8;0.0;71.89;0.0;16060.98;0.07
2021;1;365;beauce_12_1;solnu;;2982.37;3.01;13497.0;23.37;0.0;78.64;0.0;16581.38;0.07
2021;1;365;sudouest_24_1;solnu;;4038.82;2.98;17904.19;31.64;0.0;201.0;0.0;22175.66;0.07
2021;1;24;beauce_13_1;CP;ble_tousSols_nonirr_organique;50.52;5.43;0.0;0.33;0.0;6.49;0.0;57.34;0.07
2021;25;365;beauce_13_1;solnu;;2623.48;5.39;6917.29;21.07;0.0;35.67;0.0;9597.51;0.07
2021;1;365;beauce_14_1;solnu;;2474.59;5.39;7041.28;21.96;0.0;24.86;0.0;9562.69;0.07
2021;1;365;beauce_15_1;solnu;;2575.73;5.39;8490.84;25.32;0.0;31.12;0.0;11123.01;0.07
2021;1;365;beauce_16_1;solnu;;2449.98;5.39;6883.09;21.2;0.0;25.95;0.0;9380.22;0.07
2021;1;365;beauce_17_1;solnu;;3024.63;5.39;8822.97;24.25;0.0;62.57;0.0;11934.42;0.07
2021;1;365;beauce_18_1;solnu;;2575.58;5.39;8261.09;24.95;0.0;29.91;0.0;10891.53;0.07
2021;1;365;beauce_19_1;solnu;;3605.24;1.63;195.9;27.08;0.0;175.51;0.0;4003.73;0.07
2021;1;365;beauce_20_1;solnu;;3150.48;1.64;139.39;28.99;0.0;90.75;0.0;3409.61;0.07
2021;1;365;beauce_21_1;solnu;;3548.2;1.63;196.56;27.9;0.0;197.76;0.0;3970.42;0.07
2021;1;365;beauce_22_1;solnu;;3603.84;1.63;206.4;27.44;0.0;216.96;0.0;4054.65;0.07
2021;1;365;beauce_23_1;solnu;;3417.05;1.63;180.14;28.04;0.0;125.43;0.0;3750.66;0.07
2021;1;365;beauce_24_1;solnu;;3036.44;1.64;113.62;26.16;0.0;74.65;0.0;3250.88;0.07
2021;1;365;beauce_25_1;solnu;;3185.19;1.62;162.54;26.28;0.0;127.77;0.0;3501.78;0.07
2021;1;365;beauce_26_1;solnu;;3345.67;1.64;167.82;29.71;0.0;119.01;0.0;3662.22;0.07
2021;1;365;beauce_27_1;solnu;;3039.83;1.64;113.82;26.19;0.0;74.43;0.0;3254.27;0.07
2021;1;365;beauce_28_1;solnu;;3294.97;1.64;161.46;29.76;0.0;107.3;0.0;3593.49;0.07
2021;1;365;beauce_29_1;solnu;;3626.75;1.63;200.5;26.92;0.0;169.13;0.0;4023.29;0.07
2021;1;29;beauce_30_1;maisT;mais_tousSols_nonirr_mineral;86.19;1.67;5.11;0.57;0.0;11.1;0.0;102.96;0.07
2021;30;365;beauce_30_1;solnu;;2935.79;1.64;94.95;23.17;0.0;68.5;0.0;3122.41;0.07
2021;1;365;beauce_31_1;solnu;;3054.56;5.39;8926.08;24.11;0.0;62.46;0.0;12067.21;0.07
2021;1;365;beauce_32_1;solnu;;2683.05;5.39;8917.22;26.08;0.0;39.12;0.0;11665.46;0.07
2021;1;365;beauce_33_1;solnu;;2448.64;5.39;6914.85;21.29;0.0;33.22;0.0;9418.0;0.07
2021;1;365;beauce_34_1;solnu;;2944.34;5.39;9225.77;25.29;0.0;98.47;0.0;12293.87;0.07
2021;1;365;beauce_35_1;solnu;;2932.66;5.39;9105.66;24.81;0.0;62.82;0.0;12125.96;0.07
2021;1;365;beauce_36_1;solnu;;2446.75;5.39;6796.84;20.92;0.0;31.69;0.0;9296.2;0.07
2021;1;28;beauce_37_1;CP;ble_tousSols_nonirr_organique;65.59;3.05;127.86;0.42;0.0;5.23;0.0;199.09;0.07
2021;29;365;beauce_37_1;solnu;;2535.6;3.02;8620.77;20.81;0.0;38.12;0.0;11215.3;0.07
2021;1;365;beauce_38_1;solnu;;2383.87;3.02;8287.94;21.25;0.0;32.09;0.0;10725.15;0.07
2021;1;365;beauce_39_1;solnu;;2850.57;3.02;13627.7;24.99;0.0;112.15;0.0;16615.41;0.07
2021;1;365;beauce_40_1;solnu;;2838.21;3.02;13590.14;25.12;0.0;110.91;0.0;16564.37;0.07
2021;1;365;beauce_41_1;solnu;;2998.89;3.02;13779.63;23.64;0.0;96.17;0.0;16898.34;0.07
2021;1;365;beauce_42_1;solnu;;2938.06;3.02;14133.2;24.43;0.0;121.29;0.0;17216.99;0.07
2021;1;365;beauce_43_1;solnu;;2926.97;3.02;13338.69;23.92;0.0;68.51;0.0;16358.09;0.07
2021;1;365;beauce_44_1;solnu;;2378.66;3.02;8187.55;21.1;0.0;32.3;0.0;10619.61;0.07
2021;1;365;beauce_45_1;solnu;;2751.69;3.02;13151.13;25.61;0.0;102.69;0.0;16031.11;0.07
2021;1;365;beauce_46_1;solnu;;2766.28;3.02;13246.47;25.49;0.0;97.85;0.0;16136.09;0.07
2021;1;365;beauce_47_1;solnu;;3009.98;3.02;13893.86;23.54;0.0;92.58;0.0;17019.97;0.07
2021;1;365;beauce_48_1;solnu;;2539.39;3.02;11273.17;25.11;0.0;57.12;0.0;13894.79;0.07
2021;1;365;oceanique_7_1;solnu;;3446.36;1.62;132.97;28.0;0.0;214.38;0.0;3821.72;0.07
2021;1;365;oceanique_8_1;solnu;;3050.83;1.63;110.51;26.45;0.0;110.63;0.0;3298.41;0.07
2021;1;365;oceanique_9_1;solnu;;3456.48;1.63;149.95;29.37;0.0;225.33;0.0;3861.13;0.07
2021;1;365;oceanique_10_1;solnu;;2910.55;5.39;6862.27;26.33;0.0;159.58;0.0;9958.74;0.07
2021;1;365;oceanique_11_1;solnu;;3208.15;5.38;6006.98;24.01;0.0;183.54;0.0;9422.68;0.07
2021;1;365;oceanique_12_1;solnu;;2796.4;5.4;9137.24;25.64;0.0;58.64;0.0;12017.92;0.07
2021;1;365;oceanique_13_1;solnu;;2992.82;5.38;6172.3;25.0;0.0;161.27;0.0;9351.39;0.07
2021;1;365;oceanique_14_1;solnu;;2668.89;5.39;6519.3;26.02;0.0;99.16;0.0;9313.37;0.07
2021;1;365;oceanique_15_1;solnu;;3117.29;5.39;6248.55;24.61;0.0;184.13;0.0;9574.59;0.07
2021;1;365;oceanique_16_1;solnu;;3638.37;1.62;147.84;28.16;0.0;279.56;0.0;4093.93;0.07
2021;1;365;oceanique_17_1;solnu;;3358.78;1.62;118.89;25.59;0.0;220.01;0.0;3723.26;0.07
2021;1;365;oceanique_18_1;solnu;;3634.97;1.62;148.06;28.24;0.0;284.65;0.0;4095.91;0.07
2021;1;365;oceanique_19_1;solnu;;3094.44;3.01;9176.91;23.38;0.0;174.69;0.0;12469.43;0.07
2021;1;365;oceanique_20_1;solnu;;3030.02;3.02;9839.09;24.53;0.0;185.77;0.0;13079.41;0.07
2021;1;365;oceanique_21_1;solnu;;3016.15;3.02;10032.92;24.88;0.0;186.97;0.0;13260.91;0.07
2021;1;365;oceanique_22_1;solnu;;2838.37;3.02;10328.43;25.72;0.0;145.92;0.0;13338.44;0.07
2021;1;365;oceanique_23_1;solnu;;2804.29;3.01;8611.06;23.12;0.0;133.53;0.0;11572.01;0.07
2021;1;365;oceanique_24_1;solnu;;2455.4;3.02;8583.25;22.59;0.0;63.42;0.0;11124.67;0.07
2021;1;365;sudouest_25_1;solnu;;4096.59;5.34;11193.98;33.19;0.0;170.3;0.0;15494.05;0.07
2021;1;365;sudouest_26_1;solnu;;3929.99;5.33;10913.59;30.14;0.0;126.85;0.0;15000.57;0.07
2021;1;365;sudouest_27_1;solnu;;3817.06;5.34;10799.6;30.25;0.0;122.67;0.0;14769.58;0.07
2021;1;365;sudouest_28_1;solnu;;4216.73;5.34;10932.52;32.33;0.0;176.17;0.0;15357.75;0.07
2021;1;365;sudouest_29_1;solnu;;4627.64;1.59;237.31;33.79;0.0;324.31;0.0;5223.06;0.06
2021;1;22;sudouest_30_1;orgeh;orgeH_tousSols_irr_organique;113.67;1.62;7.27;0.78;0.0;17.76;0.0;139.48;0.06
2021;23;365;sudouest_30_1;solnu;;4104.68;1.58;198.7;30.41;0.0;277.87;0.0;4611.66;0.06
2021;1;365;sudouest_31_1;solnu;;4638.28;1.59;236.61;33.8;0.0;350.96;0.0;5259.66;0.06
2021;1;365;sudouest_32_1;solnu;;4373.78;1.58;227.4;34.64;0.0;328.29;0.0;4964.11;0.06
2021;1;8;sudouest_33_1;CP;ble_tousSols_nonirr_organique;64.17;1.63;6.71;0.41;0.0;14.58;0.0;85.86;0.06
2021;9;365;sudouest_33_1;solnu;;4086.83;1.59;202.28;31.38;0.0;288.54;0.0;4609.03;0.06
2021;1;365;sudouest_34_1;solnu;;4478.96;1.58;237.42;34.29;0.0;336.05;0.0;5086.72;0.06
2021;1;365;sudouest_35_1;solnu;;4303.63;1.59;233.01;35.51;0.0;304.58;0.0;4876.73;0.06
2021;1;365;sudouest_36_1;solnu;;4574.3;1.59;236.27;33.74;0.0;336.31;0.0;5180.61;0.06
2021;1;365;sudouest_37_1;solnu;;3835.69;5.34;11212.75;31.91;0.0;113.56;0.0;15193.92;0.07
2021;1;365;sudouest_38_1;solnu;;4194.71;5.34;10906.8;32.44;0.0;176.42;0.0;15310.37;0.07
2021;1;365;sudouest_39_1;solnu;;3988.05;5.34;11307.32;33.6;0.0;134.44;0.0;15463.41;0.07
2021;1;365;sudouest_40_1;solnu;;4291.62;5.34;10702.71;31.52;0.0;173.48;0.0;15199.33;0.07
2021;1;365;sudouest_41_1;solnu;;4021.59;2.98;17578.0;31.11;0.0;186.81;0.0;21817.5;0.07
2021;1;365;sudouest_42_1;solnu;;4059.67;2.98;17236.11;30.57;0.0;194.0;0.0;21520.36;0.07
2021;1;365;sudouest_43_1;solnu;;3676.23;2.98;16709.25;31.21;0.0;159.57;0.0;20576.26;0.07
2021;1;365;sudouest_44_1;solnu;;4135.46;2.98;17018.83;30.25;0.0;203.01;0.0;21387.55;0.07
2021;1;365;sudouest_45_1;solnu;;4031.6;2.98;17469.11;30.87;0.0;192.6;0.0;21724.18;0.07
2021;1;365;sudouest_46_1;solnu;;4147.21;2.98;17041.6;30.18;0.0;205.2;0.0;21424.19;0.07
2021;1;365;sudouest_47_1;solnu;;4113.9;2.98;17284.78;30.54;0.0;202.29;0.0;21631.51;0.07
2021;1;365;sudouest_48_1;solnu;;4016.19;2.98;17465.54;30.96;0.0;191.23;0.0;21703.93;0.07
2021;1;365;copie_sudouest_1_1;loliumPerenne;loliumPerenne_TousSols_min;1064.84;5.41;0.0;35.44;0.0;0.29;0.0;1100.57;0.07
2021;1;365;copie_sudouest_2_1;solnu;;4041.81;5.34;11401.43;33.97;0.0;161.67;0.0;15638.88;0.07
2021;1;365;copie_beauce_8_1;loliumPerenne;loliumPerenne_TousSols_irr_min;1050.3;5.43;0.0;26.58;0.0;0.05;0.0;1076.94;0.07
2021;1;365;copie_oceanique_1_1;solnu;;3600.27;1.62;144.88;27.87;0.0;217.43;0.0;3990.45;0.07
2021;1;365;copie_oceanique_5_1;solnu;;2737.24;3.01;9132.15;24.85;0.0;122.03;0.0;12016.27;0.07
2021;1;365;copie_sudouest_18_1;solnu;;4011.97;1.59;218.84;35.01;0.0;233.41;0.0;4499.23;0.06
2021;1;365;copie_sudouest_22_1;solnu;;3391.57;2.98;14962.93;29.7;0.0;142.97;0.0;18527.17;0.07
2021;1;365;copie_beauce_10_1;solnu;;2742.96;3.02;11497.43;22.9;0.0;65.52;0.0;14328.8;0.07
2021;1;365;copie_beauce_44_1;solnu;;2663.17;3.03;11957.01;24.62;0.0;76.21;0.0;14721.01;0.07
2021;1;365;copie_oceanique_14_1;solnu;;2909.68;5.39;6867.05;26.36;0.0;159.3;0.0;9962.4;0.07
