annee;jourDebut;jourFin;parcelle;couvert;itk;evaporation[mm];transpiration[mm];percolation[mm];capilarite[mm];ruissellement[mm];Hr_debut[mm];Hm_debut[mm];Hr_fin[mm];Hm_fin[mm];Hr_1erJanv[mm];Hm_1erJanv[mm];satisfactionHydrique[%];pluie[mm];irrigation[mm];sommeDegresJourCulture[°C]
2019;213;310;sudouest_1_1;solnu;;179.31;0.0;183.47;1.11;0.0;45.23;81.7;56.54;102.12;-1.0;-1.0;0.0;383.2;0.0;0.0
2019;311;365;sudouest_1_1;maisT;mais_tousSols_nonirr_organique;32.12;0.01;95.57;0.21;0.0;55.49;101.07;56.54;102.12;-1.0;-1.0;98.18;129.23;0.0;186.68
2019;213;310;beauce_1_1;solnu;;113.8;0.0;6.08;0.36;0.0;45.23;81.7;55.48;101.07;-1.0;-1.0;0.0;142.56;0.0;0.0
2019;311;365;beauce_1_1;orgeh;orgeH_tousSols_nonirr_organique;22.88;0.0;51.91;0.05;0.0;56.54;102.12;56.54;102.12;-1.0;-1.0;98.18;73.35;0.0;345.3
2019;213;281;sudouest_2_1;solnu;;150.45;0.0;59.7;0.86;0.0;45.23;81.7;47.39;92.97;-1.0;-1.0;0.0;221.42;0.0;0.0
2019;282;365;sudouest_2_1;maisT;mais_tousSols_nonirr_mineral;58.49;0.36;221.47;0.43;0.0;45.95;91.53;56.54;102.12;-1.0;-1.0;98.8;291.01;0.0;400.68
2019;213;268;sudouest_3_1;solnu;;119.85;0.0;16.52;4.33;0.0;45.53;248.32;56.91;310.4;-1.0;-1.0;0.0;198.44;0.0;0.0
2019;269;365;sudouest_3_1;maisT;mais_tousSols_irr_organique;71.15;2.02;239.29;4.4;0.0;54.55;308.04;56.91;310.4;-1.0;-1.0;98.97;313.99;0.0;532.46
2019;213;261;sudouest_4_1;solnu;;107.94;0.0;14.15;3.02;0.0;45.53;248.32;54.82;308.31;-1.0;-1.0;0.0;182.29;0.0;0.0
2019;262;365;sudouest_4_1;maisT;mais_tousSols_irr_mineral;80.19;3.54;242.99;4.86;0.0;52.34;305.82;61.75;310.4;-1.0;-1.0;99.04;330.14;0.0;606.42
2019;213;310;sudouest_5_1;solnu;;167.7;0.0;153.42;8.01;0.0;45.53;248.32;56.91;310.4;-1.0;-1.0;0.0;383.2;0.0;0.0
2019;311;365;sudouest_5_1;maisT;mais_tousSols_nonirr_organique;29.84;0.02;97.84;3.32;0.0;55.86;309.35;56.91;310.4;-1.0;-1.0;98.18;129.23;0.0;186.68
2019;213;307;beauce_2_1;solnu;;112.16;0.0;4.94;0.36;0.0;45.23;81.7;56.54;102.12;-1.0;-1.0;0.0;139.25;0.0;0.0
2019;308;365;beauce_2_1;orgeh;orgeH_tousSols_nonirr_mineral;24.52;0.0;53.04;0.06;0.0;56.54;102.12;56.54;102.12;-1.0;-1.0;98.27;76.66;0.0;374.6
2019;213;295;sudouest_6_1;solnu;;154.79;0.0;54.45;7.66;0.0;45.53;248.32;55.59;309.07;-1.0;-1.0;0.0;269.99;0.0;0.0
2019;296;365;sudouest_6_1;maisT;mais_tousSols_nonirr_mineral;42.06;0.12;197.4;3.81;0.0;54.8;308.29;56.91;310.4;-1.0;-1.0;98.57;242.44;0.0;292.14
2019;213;283;sudouest_7_1;solnu;;153.17;0.0;59.7;0.92;0.0;45.23;81.7;44.67;90.25;-1.0;-1.0;0.0;221.42;0.0;0.0
2019;284;365;sudouest_7_1;maisT;mais_tousSols_irr_organique;56.13;0.29;221.19;0.26;0.0;43.55;89.13;56.54;102.12;-1.0;-1.0;98.78;291.01;0.0;383.01
2019;213;265;sudouest_8_1;solnu;;121.48;0.0;51.72;0.63;0.0;45.23;81.7;45.2;90.78;-1.0;-1.0;0.0;182.29;0.0;0.0
2019;266;365;sudouest_8_1;maisT;mais_tousSols_irr_mineral;82.57;1.78;232.92;0.38;0.0;42.86;88.44;57.4;102.12;-1.0;-1.0;98.99;330.14;0.0;567.5
2019;213;261;sudouest_9_1;solnu;;113.18;0.0;32.48;1.1;0.0;51.17;154.15;61.86;190.57;-1.0;-1.0;0.0;182.29;0.0;0.0
2019;262;365;sudouest_9_1;maisT;mais_tousSols_nonirr_organique;89.37;2.58;234.76;1.77;0.0;59.23;187.95;63.97;192.68;-1.0;-1.0;99.04;330.14;0.0;606.42
2019;213;273;beauce_3_1;solnu;;95.79;0.0;0.0;0.01;0.0;45.53;248.32;14.81;217.6;-1.0;-1.0;0.0;69.21;0.0;0.0
2019;274;365;beauce_3_1;orgeh;orgeH_tousSols_irr_organique;42.97;0.52;13.73;0.78;0.0;18.64;221.42;56.91;310.4;-1.0;-1.0;85.76;146.69;0.0;736.61
2019;213;264;beauce_4_1;solnu;;85.77;0.0;0.0;0.01;0.0;45.53;248.32;22.09;224.88;-1.0;-1.0;0.0;65.07;0.0;0.0
2019;265;365;beauce_4_1;orgeh;orgeH_tousSols_irr_mineral;50.6;1.65;15.0;0.61;0.0;24.14;226.93;72.95;310.4;-1.0;-1.0;81.85;150.83;0.0;891.87
2019;213;283;beauce_5_1;solnu;;101.98;0.0;0.0;0.01;0.0;45.53;248.32;15.22;218.01;-1.0;-1.0;0.0;74.9;0.0;0.0
2019;284;365;beauce_5_1;orgeh;orgeH_tousSols_nonirr_organique;37.84;0.16;13.03;0.87;0.0;18.29;221.08;56.91;310.4;-1.0;-1.0;90.98;141.0;0.0;613.66
2019;213;266;beauce_6_1;solnu;;87.26;0.0;0.0;0.01;0.0;45.53;248.32;23.34;226.13;-1.0;-1.0;0.0;65.07;0.0;0.0
2019;267;365;beauce_6_1;orgeh;orgeH_tousSols_nonirr_mineral;49.61;1.31;14.83;0.65;0.0;21.32;224.11;69.05;310.4;-1.0;-1.0;83.17;150.83;0.0;852.98
2019;213;307;beauce_7_1;solnu;;112.14;0.0;4.96;0.36;0.0;45.23;81.7;56.54;102.12;-1.0;-1.0;0.0;139.25;0.0;0.0
2019;308;365;beauce_7_1;orgeh;orgeH_tousSols_irr_organique;24.52;0.0;53.04;0.06;0.0;56.54;102.12;56.54;102.12;-1.0;-1.0;98.27;76.66;0.0;374.6
2019;213;262;beauce_8_1;solnu;;80.4;0.0;0.0;0.19;0.0;45.23;81.7;27.17;63.63;-1.0;-1.0;0.0;62.33;0.0;0.0
2019;263;365;beauce_8_1;orgeh;orgeH_tousSols_irr_mineral;50.52;1.96;61.79;0.04;0.0;25.45;61.92;76.11;102.12;-1.0;-1.0;84.21;153.57;0.0;922.18
2019;213;312;sudouest_10_1;solnu;;182.15;0.0;164.88;2.46;0.0;51.17;154.15;61.6;190.32;-1.0;-1.0;0.0;383.81;0.0;0.0
2019;313;365;sudouest_10_1;maisT;mais_tousSols_nonirr_mineral;29.55;0.01;95.78;0.65;0.0;61.6;190.31;63.97;192.68;-1.0;-1.0;98.11;128.62;0.0;173.87
2019;213;306;sudouest_11_1;solnu;;175.7;0.0;158.79;2.42;0.0;51.17;154.15;63.97;192.68;-1.0;-1.0;0.0;373.03;0.0;0.0
2019;307;365;sudouest_11_1;maisT;mais_tousSols_irr_organique;35.83;0.01;102.03;0.37;0.0;62.31;191.02;63.97;192.68;-1.0;-1.0;98.31;139.41;0.0;215.4
2019;213;276;oceanique_1_1;solnu;;96.86;0.0;0.0;0.02;0.0;45.53;248.32;23.97;226.76;-1.0;-1.0;0.0;75.29;0.0;0.0
2019;277;365;oceanique_1_1;CP;ble_tousSols_nonirr_organique;43.09;0.38;117.22;0.44;0.0;23.26;226.04;56.89;310.38;-1.0;-1.0;89.5;247.75;0.0;801.39
2019;213;299;oceanique_2_1;solnu;;106.99;0.0;0.0;0.16;0.0;45.23;81.7;39.46;75.92;-1.0;-1.0;0.0;107.23;0.0;0.0
2019;300;365;oceanique_2_1;CP;ble_tousSols_nonirr_mineral;28.62;0.01;163.62;0.04;0.0;44.97;81.43;56.49;102.07;-1.0;-1.0;97.2;215.81;0.0;528.87
2019;213;293;sudouest_12_1;solnu;;163.94;0.0;65.89;2.36;0.0;51.17;154.15;62.26;190.97;-1.0;-1.0;0.0;269.99;0.0;0.0
2019;294;365;sudouest_12_1;maisT;mais_tousSols_irr_mineral;46.83;0.09;195.6;0.68;0.0;63.97;192.68;63.97;192.68;-1.0;-1.0;98.61;242.44;0.0;304.91
2019;213;271;sudouest_13_1;solnu;;133.77;0.0;51.72;0.74;0.0;45.23;81.7;49.06;94.64;-1.0;-1.0;0.0;198.44;0.0;0.0
2019;272;365;sudouest_13_1;maisT;mais_tousSols_nonirr_organique;72.44;1.07;231.46;0.53;0.0;47.2;92.78;56.54;102.12;-1.0;-1.0;98.93;313.99;0.0;492.27
2019;213;317;sudouest_14_1;solnu;;186.18;0.0;185.3;1.14;0.0;45.23;81.7;54.77;100.35;-1.0;-1.0;0.0;390.13;0.0;0.0
2019;318;365;sudouest_14_1;maisT;mais_tousSols_nonirr_mineral;25.42;0.0;93.58;0.18;0.0;54.23;99.81;56.54;102.12;-1.0;-1.0;97.92;122.31;0.0;135.43
2019;213;294;sudouest_15_1;solnu;;153.46;0.0;54.45;7.66;0.0;45.53;248.32;56.91;310.4;-1.0;-1.0;0.0;269.99;0.0;0.0
2019;295;365;sudouest_15_1;maisT;mais_tousSols_irr_organique;43.29;0.13;197.48;3.49;0.0;55.59;309.07;56.91;310.4;-1.0;-1.0;98.59;242.44;0.0;298.28
2019;213;287;sudouest_16_1;solnu;;146.89;0.0;26.29;7.33;0.0;45.53;248.32;48.47;301.95;-1.0;-1.0;0.0;245.48;0.0;0.0
2019;288;365;sudouest_16_1;maisT;mais_tousSols_irr_mineral;49.24;0.28;226.12;3.87;0.0;56.91;310.4;56.91;310.4;-1.0;-1.0;98.72;266.95;0.0;351.97
2019;213;285;oceanique_3_1;solnu;;97.76;0.0;0.0;0.16;0.0;45.23;81.7;28.1;64.57;-1.0;-1.0;0.0;80.91;0.0;0.0
2019;286;365;oceanique_3_1;CP;ble_tousSols_nonirr_organique;36.78;0.11;164.56;0.04;0.0;27.75;64.21;56.51;102.09;-1.0;-1.0;92.57;242.14;0.0;693.58
2019;213;295;oceanique_4_1;solnu;;110.65;0.0;0.0;0.02;0.0;45.53;248.32;33.66;236.45;-1.0;-1.0;0.0;99.33;0.0;0.0
2019;296;365;oceanique_4_1;CP;ble_tousSols_nonirr_mineral;30.82;0.02;116.09;0.48;0.0;33.44;236.22;56.87;310.35;-1.0;-1.0;96.56;223.71;0.0;567.14
2019;213;270;sudouest_17_1;solnu;;124.38;0.0;16.52;4.4;0.0;45.53;248.32;52.38;305.86;-1.0;-1.0;0.0;198.44;0.0;0.0
2019;271;365;sudouest_17_1;maisT;mais_tousSols_nonirr_organique;67.86;1.65;238.4;6.54;0.0;50.23;303.72;56.91;310.4;-1.0;-1.0;98.95;313.99;0.0;507.59
2019;213;277;beauce_9_1;solnu;;98.91;0.0;0.0;0.07;0.0;51.17;154.15;21.79;124.76;-1.0;-1.0;0.0;69.83;0.0;0.0
2019;278;365;beauce_9_1;orgeh;orgeH_tousSols_nonirr_organique;39.84;0.28;37.52;0.22;0.0;21.52;124.49;63.97;192.68;-1.0;-1.0;86.56;146.07;0.0;686.34
2019;213;287;oceanique_5_1;solnu;;102.27;0.0;0.0;0.05;0.0;51.17;154.15;32.99;135.96;-1.0;-1.0;0.0;84.09;0.0;0.0
2019;288;365;oceanique_5_1;CP;ble_tousSols_nonirr_organique;36.04;0.08;142.72;0.11;0.0;32.19;135.16;63.93;192.65;-1.0;-1.0;93.11;238.96;0.0;664.38
2019;213;296;sudouest_18_1;solnu;;155.57;0.0;54.45;7.72;0.0;45.53;248.32;54.8;308.29;-1.0;-1.0;0.0;280.4;0.0;0.0
2019;297;365;sudouest_18_1;maisT;mais_tousSols_nonirr_mineral;41.33;0.11;197.36;3.75;0.0;56.91;310.4;56.91;310.4;-1.0;-1.0;98.55;232.03;0.0;284.18
2019;213;300;sudouest_19_1;solnu;;171.0;0.0;100.24;1.1;0.0;45.23;81.7;56.54;102.12;-1.0;-1.0;0.0;303.39;0.0;0.0
2019;301;365;sudouest_19_1;maisT;mais_tousSols_irr_organique;40.05;0.03;179.16;0.19;0.0;56.54;102.12;56.54;102.12;-1.0;-1.0;98.46;209.04;0.0;256.6
2019;213;315;sudouest_20_1;solnu;;184.44;0.0;185.3;1.14;0.0;45.23;81.7;56.15;101.73;-1.0;-1.0;0.0;390.13;0.0;0.0
2019;316;365;sudouest_20_1;maisT;mais_tousSols_irr_mineral;27.11;0.0;93.62;0.08;0.0;56.0;101.58;56.54;102.12;-1.0;-1.0;98.0;122.31;0.0;153.0
2019;213;267;sudouest_21_1;solnu;;126.38;0.0;32.48;1.37;0.0;51.17;154.15;48.86;177.57;-1.0;-1.0;0.0;198.44;0.0;0.0
2019;268;365;sudouest_21_1;maisT;mais_tousSols_nonirr_organique;78.67;1.57;233.25;1.58;0.0;63.91;192.63;63.97;192.68;-1.0;-1.0;98.98;313.99;0.0;544.39
2019;213;284;sudouest_22_1;solnu;;154.89;0.0;40.76;2.07;0.0;51.17;154.15;51.2;179.92;-1.0;-1.0;0.0;225.93;0.0;0.0
2019;285;365;sudouest_22_1;maisT;mais_tousSols_nonirr_mineral;54.79;0.28;221.64;1.0;0.0;54.95;183.66;63.97;192.68;-1.0;-1.0;98.77;286.51;0.0;371.28
2019;213;303;sudouest_23_1;solnu;;173.48;0.0;122.13;2.42;0.0;51.17;154.15;63.37;192.08;-1.0;-1.0;0.0;352.12;0.0;0.0
2019;304;365;sudouest_23_1;maisT;mais_tousSols_irr_organique;37.96;0.02;138.77;0.52;0.0;63.97;192.68;63.97;192.68;-1.0;-1.0;98.39;160.32;0.0;233.48
2019;213;265;oceanique_6_1;solnu;;80.15;0.0;0.0;0.05;0.0;51.17;154.15;36.49;139.46;-1.0;-1.0;0.0;65.47;0.0;0.0
2019;266;365;oceanique_6_1;CP;ble_tousSols_nonirr_mineral;53.67;1.64;145.62;0.07;0.0;34.61;137.58;75.76;192.68;-1.0;-1.0;87.55;257.58;0.0;972.82
2019;213;299;beauce_10_1;solnu;;110.78;0.0;0.0;0.07;0.0;51.17;154.15;43.2;146.18;-1.0;-1.0;0.0;110.85;0.0;0.0
2019;300;365;beauce_10_1;orgeh;orgeH_tousSols_nonirr_mineral;29.8;0.01;35.97;0.22;0.0;50.68;153.65;63.97;192.68;-1.0;-1.0;95.45;105.05;0.0;436.35
2019;213;293;beauce_11_1;solnu;;107.29;0.0;0.0;0.07;0.0;51.17;154.15;41.21;144.18;-1.0;-1.0;0.0;97.32;0.0;0.0
2019;294;365;beauce_11_1;orgeh;orgeH_tousSols_irr_organique;32.96;0.03;36.29;0.22;0.0;40.47;143.44;63.97;192.68;-1.0;-1.0;92.41;118.58;0.0;498.06
2019;213;319;beauce_12_1;solnu;;123.18;0.0;0.0;0.1;0.0;51.17;154.15;63.47;185.01;-1.0;-1.0;0.0;156.06;0.0;0.0
2019;320;365;beauce_12_1;orgeh;orgeH_tousSols_irr_mineral;17.43;0.0;35.95;0.04;0.0;63.97;186.84;63.97;192.68;-1.0;-1.0;97.83;59.84;0.0;255.57
2019;213;264;sudouest_24_1;solnu;;120.26;0.0;32.48;1.17;0.0;51.17;154.15;54.98;183.7;-1.0;-1.0;0.0;182.29;0.0;0.0
2019;265;365;sudouest_24_1;maisT;mais_tousSols_irr_mineral;83.73;1.95;233.94;1.12;0.0;52.7;181.41;63.97;192.68;-1.0;-1.0;99.01;330.14;0.0;576.42
2019;213;285;beauce_13_1;solnu;;99.74;0.0;0.0;0.35;0.0;45.23;81.7;20.39;56.86;-1.0;-1.0;0.0;77.4;0.0;0.0
2019;286;365;beauce_13_1;CP;ble_tousSols_nonirr_organique;36.15;0.07;58.71;0.13;0.0;22.58;59.04;56.54;102.12;-1.0;-1.0;89.72;138.51;0.0;589.85
2019;213;300;beauce_14_1;solnu;;107.39;0.0;0.0;0.36;0.0;45.23;81.7;48.69;85.16;-1.0;-1.0;0.0;111.67;0.0;0.0
2019;301;365;beauce_14_1;maisT;mais_tousSols_nonirr_organique;29.28;0.0;58.0;0.14;0.0;48.57;85.03;56.54;102.12;-1.0;-1.0;96.2;104.24;0.0;112.76
2019;213;319;beauce_15_1;solnu;;119.26;0.0;14.86;0.36;0.0;45.23;81.7;56.04;101.62;-1.0;-1.0;0.0;156.06;0.0;0.0
2019;320;365;beauce_15_1;maisT;mais_tousSols_nonirr_organique;17.45;0.0;43.1;0.05;0.0;56.54;102.12;56.54;102.12;-1.0;-1.0;97.82;59.84;0.0;49.04
2019;213;276;beauce_16_1;solnu;;94.5;0.0;0.0;0.31;0.0;45.23;81.7;19.94;56.41;-1.0;-1.0;0.0;69.53;0.0;0.0
2019;277;365;beauce_16_1;maisT;mais_tousSols_nonirr_mineral;41.42;0.07;58.68;0.18;0.0;19.54;56.01;56.54;102.12;-1.0;-1.0;87.25;146.38;0.0;236.99
2019;213;288;beauce_17_1;solnu;;100.87;0.0;0.0;0.36;0.0;45.23;81.7;22.39;58.85;-1.0;-1.0;0.0;78.02;0.0;0.0
2019;289;365;beauce_17_1;CP;ble_tousSols_nonirr_mineral;35.21;0.05;58.54;0.13;0.0;21.82;58.29;56.54;102.12;-1.0;-1.0;90.76;137.88;0.0;556.92
2019;213;302;beauce_18_1;solnu;;108.66;0.0;0.0;0.36;0.0;45.23;81.7;50.36;86.83;-1.0;-1.0;0.0;117.49;0.0;0.0
2019;303;365;beauce_18_1;maisT;mais_tousSols_nonirr_mineral;28.02;0.0;57.98;0.14;0.0;53.57;90.03;56.54;102.12;-1.0;-1.0;97.26;98.41;0.0;108.36
2019;213;292;beauce_19_1;solnu;;105.88;0.0;0.0;0.01;0.0;45.53;248.32;35.33;238.12;-1.0;-1.0;0.0;97.32;0.0;0.0
2019;293;365;beauce_19_1;CP;ble_tousSols_irr_organique;34.74;0.03;12.36;0.83;0.0;35.98;238.77;56.91;310.4;-1.0;-1.0;95.07;118.58;0.0;507.81
2019;213;270;beauce_20_1;solnu;;92.64;0.0;0.0;0.01;0.0;45.53;248.32;17.96;220.75;-1.0;-1.0;0.0;65.07;0.0;0.0
2019;271;365;beauce_20_1;maisT;mais_tousSols_irr_organique;47.1;0.19;13.07;0.88;0.0;16.42;219.21;56.91;310.4;-1.0;-1.0;85.98;150.83;0.0;287.41
2019;213;264;beauce_21_1;solnu;;85.63;0.0;0.0;0.01;0.0;45.53;248.32;22.23;225.02;-1.0;-1.0;0.0;65.07;0.0;0.0
2019;265;365;beauce_21_1;maisT;mais_tousSols_irr_organique;53.21;0.48;13.68;0.81;0.0;24.28;227.07;56.91;310.4;-1.0;-1.0;83.17;150.83;0.0;359.3
2019;213;310;beauce_22_1;solnu;;118.46;0.0;0.0;0.02;0.0;45.53;248.32;55.86;269.11;-1.0;-1.0;0.0;142.56;0.0;0.0
2019;311;365;beauce_22_1;maisT;mais_tousSols_irr_mineral;22.43;0.0;12.12;0.45;0.0;56.91;271.92;56.91;310.4;-1.0;-1.0;98.18;73.35;0.0;86.96
2019;213;292;beauce_23_1;solnu;;105.88;0.0;0.0;0.01;0.0;45.53;248.32;35.33;238.12;-1.0;-1.0;0.0;97.32;0.0;0.0
2019;293;365;beauce_23_1;CP;ble_tousSols_irr_mineral;34.74;0.03;12.36;0.83;0.0;35.98;238.77;56.91;310.4;-1.0;-1.0;95.07;118.58;0.0;507.81
2019;213;306;beauce_24_1;solnu;;116.03;0.0;0.0;0.01;0.0;45.53;248.32;56.91;264.88;-1.0;-1.0;0.0;137.53;0.0;0.0
2019;307;365;beauce_24_1;maisT;mais_tousSols_irr_mineral;24.87;0.0;12.12;0.52;0.0;56.91;269.04;56.91;310.4;-1.0;-1.0;98.31;78.38;0.0;98.26
2019;213;318;beauce_25_1;solnu;;123.2;0.0;0.0;0.1;0.0;45.53;248.32;56.36;278.44;-1.0;-1.0;0.0;154.04;0.0;0.0
2019;319;365;beauce_25_1;CP;ble_tousSols_nonirr_organique;17.74;0.0;12.07;0.97;0.0;56.42;278.49;56.91;310.4;-1.0;-1.0;97.87;61.86;0.0;267.75
2019;213;297;beauce_26_1;solnu;;110.17;0.0;0.0;0.01;0.0;45.53;248.32;37.8;240.59;-1.0;-1.0;0.0;102.81;0.0;0.0
2019;298;365;beauce_26_1;maisT;mais_tousSols_nonirr_organique;30.71;0.0;12.13;1.06;0.0;37.69;240.48;56.91;310.4;-1.0;-1.0;97.5;113.09;0.0;121.33
2019;213;266;beauce_27_1;solnu;;87.24;0.0;0.0;0.01;0.0;45.53;248.32;23.37;226.16;-1.0;-1.0;0.0;65.07;0.0;0.0
2019;267;365;beauce_27_1;maisT;mais_tousSols_nonirr_organique;51.54;0.39;13.85;0.91;0.0;21.36;224.15;56.91;310.4;-1.0;-1.0;85.88;150.83;0.0;332.4
2019;213;306;beauce_28_1;solnu;;116.03;0.0;0.0;0.01;0.0;45.53;248.32;56.91;264.88;-1.0;-1.0;0.0;137.53;0.0;0.0
2019;307;365;beauce_28_1;maisT;mais_tousSols_nonirr_mineral;24.91;0.0;12.07;1.06;0.0;56.91;269.04;56.91;310.4;-1.0;-1.0;98.31;78.38;0.0;98.26
2019;213;263;beauce_29_1;solnu;;84.62;0.0;0.0;0.01;0.0;45.53;248.32;23.24;226.03;-1.0;-1.0;0.0;62.33;0.0;0.0
2019;264;365;beauce_29_1;CP;ble_tousSols_nonirr_mineral;51.37;1.52;15.5;0.69;0.0;22.23;225.02;74.73;310.4;-1.0;-1.0;84.85;153.57;0.0;906.2
2019;213;295;beauce_30_1;solnu;;108.23;0.0;0.0;0.01;0.0;45.53;248.32;38.98;241.77;-1.0;-1.0;0.0;101.68;0.0;0.0
2019;296;365;beauce_30_1;maisT;mais_tousSols_nonirr_mineral;32.62;0.01;12.16;1.06;0.0;38.16;240.95;56.91;310.4;-1.0;-1.0;96.72;114.22;0.0;127.38
2019;213;307;beauce_31_1;solnu;;112.14;0.0;4.96;0.36;0.0;45.23;81.7;56.54;102.12;-1.0;-1.0;0.0;139.25;0.0;0.0
2019;308;365;beauce_31_1;CP;ble_tousSols_irr_organique;24.53;0.0;53.03;0.06;0.0;56.54;102.12;56.54;102.12;-1.0;-1.0;98.27;76.66;0.0;374.6
2019;213;267;beauce_32_1;solnu;;86.33;0.0;0.0;0.27;0.0;45.23;81.7;23.98;60.45;-1.0;-1.0;0.0;65.07;0.0;0.0
2019;268;365;beauce_32_1;maisT;mais_tousSols_irr_organique;48.42;0.31;59.61;0.11;0.0;22.9;59.36;56.54;102.12;-1.0;-1.0;85.58;150.83;0.0;321.97
2019;213;309;beauce_33_1;solnu;;113.17;0.0;6.08;0.36;0.0;45.23;81.7;56.11;101.69;-1.0;-1.0;0.0;139.25;0.0;0.0
2019;310;365;beauce_33_1;maisT;mais_tousSols_irr_organique;23.54;0.0;51.88;0.05;0.0;55.48;101.07;56.54;102.12;-1.0;-1.0;98.21;76.66;0.0;90.86
2019;213;301;beauce_34_1;solnu;;108.33;0.0;0.0;0.36;0.0;45.23;81.7;48.57;85.03;-1.0;-1.0;0.0;113.79;0.0;0.0
2019;302;365;beauce_34_1;maisT;mais_tousSols_irr_mineral;28.35;0.0;57.99;0.09;0.0;50.36;86.83;56.54;102.12;-1.0;-1.0;96.66;102.11;0.0;110.99
2019;213;291;beauce_35_1;solnu;;102.4;0.0;0.0;0.28;0.0;45.23;81.7;29.25;65.71;-1.0;-1.0;0.0;95.68;0.0;0.0
2019;292;365;beauce_35_1;CP;ble_tousSols_irr_mineral;33.87;0.03;58.37;0.12;0.0;38.26;74.72;56.54;102.12;-1.0;-1.0;91.9;120.22;0.0;518.09
2019;213;293;beauce_36_1;solnu;;103.44;0.0;0.0;0.36;0.0;45.23;81.7;39.12;75.58;-1.0;-1.0;0.0;97.32;0.0;0.0
2019;294;365;beauce_36_1;maisT;mais_tousSols_irr_mineral;33.16;0.01;58.07;0.11;0.0;38.39;74.85;56.54;102.12;-1.0;-1.0;92.5;118.58;0.0;139.48
2019;213;297;beauce_37_1;solnu;;109.87;0.0;0.0;0.07;0.0;51.17;154.15;43.74;146.71;-1.0;-1.0;0.0;102.81;0.0;0.0
2019;298;365;beauce_37_1;CP;ble_tousSols_nonirr_organique;30.61;0.01;36.06;0.22;0.0;43.72;146.7;63.97;192.68;-1.0;-1.0;94.64;113.09;0.0;455.91
2019;213;307;beauce_38_1;solnu;;116.09;0.0;0.0;0.07;0.0;51.17;154.15;63.97;175.59;-1.0;-1.0;0.0;139.25;0.0;0.0
2019;308;365;beauce_38_1;maisT;mais_tousSols_nonirr_organique;24.56;0.0;35.91;0.23;0.0;63.97;176.71;63.97;192.68;-1.0;-1.0;98.28;76.66;0.0;96.05
2019;213;314;beauce_39_1;solnu;;120.5;0.0;0.0;0.09;0.0;51.17;154.15;63.97;183.85;-1.0;-1.0;0.0;150.51;0.0;0.0
2019;315;365;beauce_39_1;maisT;mais_tousSols_nonirr_organique;20.13;0.0;35.93;0.28;0.0;63.79;183.67;63.97;192.68;-1.0;-1.0;98.04;65.4;0.0;73.66
2019;213;262;beauce_40_1;solnu;;83.76;0.0;0.0;0.07;0.0;51.17;154.15;29.74;132.72;-1.0;-1.0;0.0;62.33;0.0;0.0
2019;263;365;beauce_40_1;maisT;mais_tousSols_nonirr_mineral;54.0;0.61;38.19;0.22;0.0;27.99;130.96;63.97;192.68;-1.0;-1.0;83.5;153.57;0.0;377.6
2019;213;288;beauce_41_1;solnu;;104.68;0.0;0.0;0.07;0.0;51.17;154.15;24.51;127.49;-1.0;-1.0;0.0;78.02;0.0;0.0
2019;289;365;beauce_41_1;CP;ble_tousSols_nonirr_mineral;35.31;0.05;36.51;0.28;0.0;23.94;126.92;63.97;192.68;-1.0;-1.0;90.74;137.88;0.0;556.92
2019;213;301;beauce_42_1;solnu;;112.24;0.0;0.0;0.07;0.0;51.17;154.15;50.6;153.57;-1.0;-1.0;0.0;113.79;0.0;0.0
2019;302;365;beauce_42_1;maisT;mais_tousSols_nonirr_mineral;28.35;0.0;35.97;0.3;0.0;52.39;155.36;63.97;192.68;-1.0;-1.0;96.85;102.11;0.0;110.99
2019;213;278;beauce_43_1;solnu;;99.48;0.0;0.0;0.07;0.0;51.17;154.15;21.52;124.49;-1.0;-1.0;0.0;70.52;0.0;0.0
2019;279;365;beauce_43_1;CP;ble_tousSols_irr_organique;39.63;0.19;37.26;0.26;0.0;21.6;124.57;63.97;192.68;-1.0;-1.0;87.49;145.39;0.0;669.87
2019;213;289;beauce_44_1;solnu;;105.25;0.0;0.0;0.07;0.0;51.17;154.15;23.94;126.92;-1.0;-1.0;0.0;78.02;0.0;0.0
2019;290;365;beauce_44_1;maisT;mais_tousSols_irr_organique;35.1;0.01;36.19;0.24;0.0;23.43;126.4;63.97;192.68;-1.0;-1.0;90.8;137.88;0.0;160.85
2019;213;298;beauce_45_1;solnu;;110.26;0.0;0.0;0.07;0.0;51.17;154.15;43.72;146.7;-1.0;-1.0;0.0;102.81;0.0;0.0
2019;299;365;beauce_45_1;maisT;mais_tousSols_irr_organique;30.3;0.0;36.0;0.21;0.0;43.25;146.22;63.97;192.68;-1.0;-1.0;95.15;113.09;0.0;117.22
2019;213;283;beauce_46_1;solnu;;102.68;0.0;0.0;0.07;0.0;51.17;154.15;20.15;123.13;-1.0;-1.0;0.0;74.9;0.0;0.0
2019;284;365;beauce_46_1;maisT;mais_tousSols_irr_mineral;37.56;0.03;36.28;0.26;0.0;23.22;126.2;63.97;192.68;-1.0;-1.0;88.33;141.0;0.0;195.09
2019;213;309;beauce_47_1;solnu;;117.09;0.0;0.0;0.07;0.0;51.17;154.15;63.54;176.3;-1.0;-1.0;0.0;139.25;0.0;0.0
2019;310;365;beauce_47_1;CP;ble_tousSols_irr_mineral;23.5;0.0;35.97;0.11;0.0;62.91;175.68;63.97;192.68;-1.0;-1.0;98.21;76.66;0.0;355.2
2019;213;291;beauce_48_1;solnu;;106.26;0.0;0.0;0.07;0.0;51.17;154.15;31.33;134.31;-1.0;-1.0;0.0;95.68;0.0;0.0
2019;292;365;beauce_48_1;maisT;mais_tousSols_irr_mineral;34.24;0.01;36.05;0.24;0.0;40.34;143.31;63.97;192.68;-1.0;-1.0;91.36;120.22;0.0;147.51
2019;213;314;oceanique_7_1;solnu;;121.61;0.0;0.0;0.11;0.0;45.53;248.32;56.52;303.14;-1.0;-1.0;0.0;176.43;0.0;0.0
2019;315;365;oceanique_7_1;orgeh;orgeH_tousSols_nonirr_organique;20.12;0.0;115.85;0.32;0.0;55.54;302.17;56.86;310.34;-1.0;-1.0;98.04;146.62;0.0;371.23
2019;213;290;oceanique_8_1;solnu;;106.36;0.0;0.0;0.02;0.0;45.53;248.32;35.53;238.31;-1.0;-1.0;0.0;97.95;0.0;0.0
2019;291;365;oceanique_8_1;maisT;mais_tousSols_nonirr_organique;34.95;0.03;116.24;0.51;0.0;36.6;239.38;56.87;310.35;-1.0;-1.0;95.25;225.1;0.0;233.25
2019;213;267;oceanique_9_1;solnu;;84.44;0.0;0.0;0.02;0.0;45.53;248.32;26.56;229.35;-1.0;-1.0;0.0;74.83;0.0;0.0
2019;268;365;oceanique_9_1;maisT;mais_tousSols_nonirr_organique;54.45;0.53;118.12;0.45;0.0;35.05;237.84;56.89;310.38;-1.0;-1.0;89.34;248.22;0.0;406.73
2019;213;272;oceanique_10_1;solnu;;87.66;0.0;0.0;0.16;0.0;45.23;81.7;32.4;68.86;-1.0;-1.0;0.0;74.98;0.0;0.0
2019;273;365;oceanique_10_1;maisT;mais_tousSols_nonirr_mineral;46.28;0.23;165.04;0.04;0.0;31.41;67.88;56.51;102.09;-1.0;-1.0;89.75;248.06;0.0;355.85
2019;213;297;oceanique_11_1;solnu;;106.07;0.0;0.0;0.16;0.0;45.23;81.7;38.87;75.34;-1.0;-1.0;0.0;101.22;0.0;0.0
2019;298;365;oceanique_11_1;orgeh;orgeH_tousSols_nonirr_mineral;29.43;0.01;163.72;0.04;0.0;39.92;76.39;56.49;102.07;-1.0;-1.0;96.25;221.83;0.0;549.02
2019;213;267;oceanique_12_1;solnu;;86.33;0.0;0.0;0.27;0.0;45.23;81.7;23.98;60.45;-1.0;-1.0;0.0;65.07;0.0;0.0
2019;268;365;oceanique_12_1;maisT;mais_tousSols_nonirr_mineral;48.45;0.3;59.59;0.19;0.0;22.9;59.36;56.54;102.12;-1.0;-1.0;85.31;150.83;0.0;321.97
2019;213;285;oceanique_13_1;solnu;;97.78;0.0;0.0;0.16;0.0;45.23;81.7;28.09;64.55;-1.0;-1.0;0.0;80.91;0.0;0.0
2019;286;365;oceanique_13_1;orgeh;orgeH_tousSols_nonirr_organique;36.55;0.15;164.72;0.04;0.0;27.73;64.2;56.51;102.09;-1.0;-1.0;92.04;242.14;0.0;693.58
2019;213;275;oceanique_14_1;solnu;;90.71;0.0;0.0;0.16;0.0;45.23;81.7;29.82;66.28;-1.0;-1.0;0.0;75.29;0.0;0.0
2019;276;365;oceanique_14_1;maisT;mais_tousSols_nonirr_organique;43.57;0.16;164.77;0.04;0.0;28.96;65.43;56.51;102.09;-1.0;-1.0;90.33;247.75;0.0;329.81
2019;213;281;oceanique_15_1;solnu;;94.84;0.0;0.0;0.16;0.0;45.23;81.7;29.5;65.96;-1.0;-1.0;0.0;79.11;0.0;0.0
2019;282;365;oceanique_15_1;maisT;mais_tousSols_nonirr_organique;39.97;0.07;164.34;0.04;0.0;28.33;64.79;56.5;102.08;-1.0;-1.0;91.6;243.94;0.0;292.87
2019;213;304;oceanique_16_1;solnu;;115.63;0.0;0.0;0.02;0.0;45.53;248.32;56.91;264.8;-1.0;-1.0;0.0;132.11;0.0;0.0
2019;305;365;oceanique_16_1;maisT;mais_tousSols_nonirr_mineral;25.99;0.01;115.95;0.52;0.0;56.33;264.22;56.86;310.35;-1.0;-1.0;98.36;190.94;0.0;172.02
2019;213;284;oceanique_17_1;solnu;;102.22;0.0;0.0;0.02;0.0;45.53;248.32;23.84;226.63;-1.0;-1.0;0.0;80.63;0.0;0.0
2019;285;365;oceanique_17_1;orgeh;orgeH_tousSols_nonirr_mineral;38.22;0.19;116.92;0.46;0.0;23.25;226.04;56.89;310.37;-1.0;-1.0;92.68;242.41;0.0;705.37
2019;213;260;oceanique_18_1;solnu;;74.67;0.0;0.0;0.02;0.0;45.53;248.32;34.0;236.79;-1.0;-1.0;0.0;63.15;0.0;0.0
2019;261;365;oceanique_18_1;maisT;mais_tousSols_nonirr_mineral;62.64;1.17;119.06;0.41;0.0;32.24;235.03;56.9;310.39;-1.0;-1.0;87.45;259.9;0.0;471.24
2019;213;311;oceanique_19_1;solnu;;117.15;0.0;18.57;0.06;0.0;51.17;154.15;62.87;191.59;-1.0;-1.0;0.0;173.17;0.0;0.0
2019;312;365;oceanique_19_1;orgeh;orgeH_tousSols_nonirr_organique;22.12;0.0;123.28;0.07;0.0;61.89;190.6;63.91;192.63;-1.0;-1.0;98.15;149.88;0.0;406.81
2019;213;301;oceanique_20_1;solnu;;111.59;0.0;0.0;0.05;0.0;51.17;154.15;46.81;149.78;-1.0;-1.0;0.0;116.92;0.0;0.0
2019;302;365;oceanique_20_1;maisT;mais_tousSols_nonirr_organique;27.54;0.01;141.98;0.11;0.0;55.86;158.83;63.91;192.63;-1.0;-1.0;98.12;206.12;0.0;182.84
2019;213;307;oceanique_21_1;solnu;;114.9;0.0;0.18;0.06;0.0;51.17;154.15;63.97;192.68;-1.0;-1.0;0.0;157.09;0.0;0.0
2019;308;365;oceanique_21_1;maisT;mais_tousSols_nonirr_organique;24.32;0.0;141.72;0.11;0.0;63.97;192.68;63.91;192.63;-1.0;-1.0;98.28;165.95;0.0;162.26
2019;213;295;oceanique_22_1;solnu;;108.44;0.0;0.0;0.05;0.0;51.17;154.15;41.51;144.48;-1.0;-1.0;0.0;99.33;0.0;0.0
2019;296;365;oceanique_22_1;maisT;mais_tousSols_nonirr_mineral;30.61;0.01;142.06;0.11;0.0;41.36;144.33;63.92;192.63;-1.0;-1.0;95.86;223.71;0.0;203.2
2019;213;310;oceanique_23_1;solnu;;116.25;0.0;18.55;0.06;0.0;51.17;154.15;63.79;192.51;-1.0;-1.0;0.0;173.17;0.0;0.0
2019;311;365;oceanique_23_1;orgeh;orgeH_tousSols_nonirr_mineral;23.03;0.0;123.29;0.07;0.0;62.87;191.59;63.91;192.63;-1.0;-1.0;98.18;149.88;0.0;418.32
2019;213;307;oceanique_24_1;solnu;;114.9;0.0;0.18;0.06;0.0;51.17;154.15;63.97;192.68;-1.0;-1.0;0.0;157.09;0.0;0.0
2019;308;365;oceanique_24_1;maisT;mais_tousSols_nonirr_mineral;24.31;0.0;141.72;0.1;0.0;63.97;192.68;63.91;192.63;-1.0;-1.0;98.28;165.95;0.0;162.26
2019;213;279;sudouest_25_1;solnu;;147.11;0.0;59.7;0.82;0.0;45.23;81.7;50.73;96.31;-1.0;-1.0;0.0;221.42;0.0;0.0
2019;280;365;sudouest_25_1;CP;ble_tousSols_nonirr_organique;60.11;0.8;222.75;0.46;0.0;48.31;93.89;60.08;102.12;-1.0;-1.0;98.83;291.01;0.0;877.75
2019;213;261;sudouest_26_1;solnu;;112.04;0.0;51.72;0.57;0.0;45.23;81.7;54.43;100.01;-1.0;-1.0;0.0;182.29;0.0;0.0
2019;262;365;sudouest_26_1;orgeh;orgeH_tousSols_nonirr_organique;85.25;6.09;235.37;0.28;0.0;51.8;97.39;93.97;102.12;-1.0;-1.0;99.02;330.14;0.0;1172.31
2019;213;269;sudouest_27_1;solnu;;128.89;0.0;51.72;0.73;0.0;45.23;81.7;53.94;99.52;-1.0;-1.0;0.0;198.44;0.0;0.0
2019;270;365;sudouest_27_1;CP;ble_tousSols_nonirr_mineral;74.8;2.17;232.89;0.51;0.0;51.58;97.16;78.91;102.12;-1.0;-1.0;98.95;313.99;0.0;1037.51
2019;213;300;sudouest_28_1;solnu;;170.98;0.0;100.26;0.9;0.0;45.23;81.7;56.54;102.12;-1.0;-1.0;0.0;303.39;0.0;0.0
2019;301;365;sudouest_28_1;orgeh;orgeH_tousSols_nonirr_mineral;40.23;0.02;178.98;0.19;0.0;56.54;102.12;56.54;102.12;-1.0;-1.0;98.46;209.04;0.0;588.48
2019;213;276;sudouest_29_1;solnu;;133.05;0.0;26.29;5.17;0.0;45.53;248.32;56.91;310.4;-1.0;-1.0;0.0;221.42;0.0;0.0
2019;277;365;sudouest_29_1;CP;ble_tousSols_irr_organique;59.52;1.54;228.42;5.81;0.0;54.18;307.67;65.44;310.4;-1.0;-1.0;98.88;291.01;0.0;920.39
2019;213;276;sudouest_30_1;solnu;;133.05;0.0;26.29;5.17;0.0;45.53;248.32;56.91;310.4;-1.0;-1.0;0.0;221.42;0.0;0.0
2019;277;365;sudouest_30_1;orgeh;orgeH_tousSols_irr_organique;57.82;2.1;229.56;3.27;0.0;54.18;307.67;65.44;310.4;-1.0;-1.0;98.88;291.01;0.0;920.39
2019;213;270;sudouest_31_1;solnu;;124.38;0.0;16.52;4.4;0.0;45.53;248.32;52.38;305.86;-1.0;-1.0;0.0;198.44;0.0;0.0
2019;271;365;sudouest_31_1;CP;ble_tousSols_irr_mineral;65.05;3.27;239.6;6.22;0.0;50.23;303.72;76.82;310.4;-1.0;-1.0;98.95;313.99;0.0;1019.48
2019;213;269;sudouest_32_1;solnu;;122.21;0.0;16.52;4.33;0.0;45.53;248.32;54.55;308.04;-1.0;-1.0;0.0;198.44;0.0;0.0
2019;270;365;sudouest_32_1;orgeh;orgeH_tousSols_irr_mineral;64.25;5.16;240.68;3.94;0.0;52.38;305.86;78.91;310.4;-1.0;-1.0;98.96;313.99;0.0;1037.51
2019;213;288;sudouest_33_1;solnu;;147.2;0.0;36.2;7.51;0.0;45.53;248.32;56.91;310.4;-1.0;-1.0;0.0;245.48;0.0;0.0
2019;289;365;sudouest_33_1;CP;ble_tousSols_nonirr_organique;48.68;0.33;216.4;3.85;0.0;55.7;309.19;56.91;310.4;-1.0;-1.0;98.7;266.95;0.0;747.45
2019;213;309;sudouest_34_1;solnu;;166.85;0.0;153.37;8.06;0.0;45.53;248.32;56.91;310.4;-1.0;-1.0;0.0;383.2;0.0;0.0
2019;310;365;sudouest_34_1;orgeh;orgeH_tousSols_nonirr_organique;30.41;0.01;98.17;1.65;0.0;56.91;310.4;56.91;310.4;-1.0;-1.0;98.21;129.23;0.0;473.62
2019;213;309;sudouest_35_1;solnu;;166.85;0.0;153.37;8.0;0.0;45.53;248.32;56.91;310.4;-1.0;-1.0;0.0;383.2;0.0;0.0
2019;310;365;sudouest_35_1;CP;ble_tousSols_nonirr_mineral;30.47;0.01;98.12;1.64;0.0;56.91;310.4;56.91;310.4;-1.0;-1.0;98.21;129.23;0.0;473.62
2019;213;268;sudouest_36_1;solnu;;119.85;0.0;16.52;4.33;0.0;45.53;248.32;56.91;310.4;-1.0;-1.0;0.0;198.44;0.0;0.0
2019;269;365;sudouest_36_1;orgeh;orgeH_tousSols_nonirr_mineral;65.76;5.82;240.87;3.78;0.0;54.55;308.04;80.9;310.4;-1.0;-1.0;98.97;313.99;0.0;1056.35
2019;213;285;sudouest_37_1;solnu;;155.06;0.0;59.7;0.81;0.0;45.23;81.7;47.28;92.86;-1.0;-1.0;0.0;225.93;0.0;0.0
2019;286;365;sudouest_37_1;CP;ble_tousSols_irr_organique;53.95;0.33;221.43;0.26;0.0;45.59;91.18;56.54;102.12;-1.0;-1.0;98.75;286.51;0.0;785.98
2019;213;274;sudouest_38_1;solnu;;138.23;0.0;57.97;0.8;0.0;45.23;81.7;56.54;102.12;-1.0;-1.0;0.0;217.55;0.0;0.0
2019;275;365;sudouest_38_1;orgeh;orgeH_tousSols_irr_organique;66.19;1.9;226.18;0.2;0.0;56.14;101.72;68.87;102.12;-1.0;-1.0;98.9;294.88;0.0;948.69
2019;213;302;sudouest_39_1;solnu;;172.08;0.0;140.73;1.03;0.0;45.23;81.7;56.54;102.12;-1.0;-1.0;0.0;333.55;0.0;0.0
2019;303;365;sudouest_39_1;CP;ble_tousSols_irr_mineral;39.28;0.01;138.38;0.17;0.0;55.94;101.52;56.54;102.12;-1.0;-1.0;98.41;178.89;0.0;563.4
2019;213;281;sudouest_40_1;solnu;;150.45;0.0;59.7;0.75;0.0;45.23;81.7;47.38;92.96;-1.0;-1.0;0.0;221.42;0.0;0.0
2019;282;365;sudouest_40_1;orgeh;orgeH_tousSols_irr_mineral;56.64;0.87;222.8;0.21;0.0;45.94;91.52;56.94;102.12;-1.0;-1.0;98.81;291.01;0.0;846.56
2019;213;278;sudouest_41_1;solnu;;146.6;0.0;40.76;1.69;0.0;51.17;154.15;59.49;188.21;-1.0;-1.0;0.0;221.42;0.0;0.0
2019;279;365;sudouest_41_1;CP;ble_tousSols_nonirr_organique;60.38;1.0;223.61;1.31;0.0;58.19;186.9;63.97;192.68;-1.0;-1.0;98.85;291.01;0.0;886.83
2019;213;265;sudouest_42_1;solnu;;122.54;0.0;32.48;1.22;0.0;51.17;154.15;52.7;181.41;-1.0;-1.0;0.0;182.29;0.0;0.0
2019;266;365;sudouest_42_1;orgeh;orgeH_tousSols_nonirr_organique;76.86;4.89;235.59;1.02;0.0;50.4;179.12;86.46;192.68;-1.0;-1.0;99.0;330.14;0.0;1109.39
2019;213;302;sudouest_43_1;solnu;;172.57;0.0;122.13;2.42;0.0;51.17;154.15;63.97;192.68;-1.0;-1.0;0.0;333.55;0.0;0.0
2019;303;365;sudouest_43_1;CP;ble_tousSols_nonirr_mineral;39.02;0.01;138.63;0.54;0.0;63.37;192.08;63.97;192.68;-1.0;-1.0;98.41;178.89;0.0;563.4
2019;213;294;sudouest_44_1;solnu;;165.21;0.0;66.25;2.38;0.0;51.17;154.15;63.97;192.68;-1.0;-1.0;0.0;269.99;0.0;0.0
2019;295;365;sudouest_44_1;orgeh;orgeH_tousSols_nonirr_mineral;45.47;0.1;195.33;0.65;0.0;62.64;191.35;63.97;192.68;-1.0;-1.0;98.59;242.44;0.0;666.17
2019;213;318;sudouest_45_1;solnu;;187.12;0.0;166.76;2.49;0.0;51.17;154.15;61.67;190.39;-1.0;-1.0;0.0;390.13;0.0;0.0
2019;319;365;sudouest_45_1;CP;ble_tousSols_irr_organique;24.67;0.0;93.8;0.43;0.0;60.56;189.28;63.97;192.68;-1.0;-1.0;97.87;122.31;0.0;356.07
2019;213;302;sudouest_46_1;solnu;;172.57;0.0;122.13;2.42;0.0;51.17;154.15;63.97;192.68;-1.0;-1.0;0.0;333.55;0.0;0.0
2019;303;365;sudouest_46_1;orgeh;orgeH_tousSols_irr_organique;38.96;0.02;138.69;0.54;0.0;63.37;192.08;63.97;192.68;-1.0;-1.0;98.41;178.89;0.0;563.4
2019;213;288;sudouest_47_1;solnu;;158.8;0.0;48.15;2.35;0.0;51.17;154.15;63.97;192.68;-1.0;-1.0;0.0;245.48;0.0;0.0
2019;289;365;sudouest_47_1;CP;ble_tousSols_irr_mineral;51.06;0.23;214.12;0.72;0.0;62.76;191.47;63.97;192.68;-1.0;-1.0;98.7;266.95;0.0;747.45
2019;213;279;sudouest_48_1;solnu;;147.94;0.0;40.73;1.47;0.0;51.17;154.15;58.18;186.9;-1.0;-1.0;0.0;221.42;0.0;0.0
2019;280;365;sudouest_48_1;orgeh;orgeH_tousSols_irr_mineral;58.7;1.18;223.81;0.62;0.0;55.8;184.52;63.97;192.68;-1.0;-1.0;98.84;291.01;0.0;877.75
2019;213;259;copie_sudouest_1_1;solnu;;108.0;0.0;51.21;0.31;0.0;45.23;81.7;56.54;102.12;-1.0;-1.0;0.0;181.42;0.0;0.0
2019;260;365;copie_sudouest_1_1;loliumPerenne;loliumPerenne_TousSols_min;95.26;1.88;234.12;0.08;0.0;101.55;101.55;102.12;102.12;-1.0;-1.0;100.0;331.02;0.0;20.32
2019;213;279;copie_sudouest_2_1;solnu;;147.11;0.0;59.7;0.82;0.0;45.23;81.7;50.73;96.31;-1.0;-1.0;0.0;221.42;0.0;0.0
2019;280;365;copie_sudouest_2_1;maisT;mais_tousSols_nonirr_mineral;61.48;0.44;221.75;0.47;0.0;48.31;93.89;56.54;102.12;-1.0;-1.0;98.83;291.01;0.0;419.87
2019;213;266;copie_beauce_8_1;solnu;;84.18;0.0;0.0;0.37;0.0;45.23;81.7;26.13;62.6;-1.0;-1.0;0.0;65.07;0.0;0.0
2019;267;365;copie_beauce_8_1;loliumPerenne;loliumPerenne_TousSols_irr_min;47.58;3.07;59.84;0.04;0.0;60.79;60.79;102.12;102.12;-1.0;-1.0;97.68;150.83;0.0;18.08
2019;213;314;copie_oceanique_1_1;solnu;;121.61;0.0;0.0;0.11;0.0;45.53;248.32;56.52;303.14;-1.0;-1.0;0.0;176.43;0.0;0.0
2019;315;365;copie_oceanique_1_1;CP;ble_tousSols_nonirr_organique;20.13;0.0;115.85;0.44;0.0;55.54;302.17;56.86;310.34;-1.0;-1.0;98.04;146.62;0.0;371.23
2019;213;282;copie_oceanique_5_1;solnu;;99.41;0.0;0.0;0.05;0.0;51.17;154.15;30.87;133.85;-1.0;-1.0;0.0;79.11;0.0;0.0
2019;283;365;copie_oceanique_5_1;CP;ble_tousSols_nonirr_organique;38.32;0.17;143.2;0.1;0.0;30.27;133.25;63.94;192.65;-1.0;-1.0;91.74;243.94;0.0;728.9
2019;213;315;copie_sudouest_18_1;solnu;;172.27;0.0;155.82;8.12;0.0;45.53;248.32;56.53;310.01;-1.0;-1.0;0.0;390.13;0.0;0.0
2019;316;365;copie_sudouest_18_1;maisT;mais_tousSols_nonirr_mineral;25.11;0.01;95.61;1.77;0.0;56.39;309.88;56.91;310.4;-1.0;-1.0;98.0;122.31;0.0;153.0
2019;213;316;copie_sudouest_22_1;solnu;;185.38;0.0;166.75;2.49;0.0;51.17;154.15;63.42;192.14;-1.0;-1.0;0.0;390.13;0.0;0.0
2019;317;365;copie_sudouest_22_1;maisT;mais_tousSols_nonirr_mineral;26.44;0.0;93.79;0.47;0.0;62.2;190.92;63.97;192.68;-1.0;-1.0;97.96;122.31;0.0;145.15
2019;213;318;copie_beauce_10_1;solnu;;122.51;0.0;0.0;0.09;0.0;51.17;154.15;63.42;184.96;-1.0;-1.0;0.0;154.04;0.0;0.0
2019;319;365;copie_beauce_10_1;orgeh;orgeH_tousSols_nonirr_mineral;18.1;0.0;35.95;0.04;0.0;63.47;185.01;63.97;192.68;-1.0;-1.0;97.87;61.86;0.0;267.75
2019;213;316;copie_beauce_44_1;solnu;;121.47;0.0;0.0;0.09;0.0;51.17;154.15;63.3;183.18;-1.0;-1.0;0.0;153.32;0.0;0.0
2019;317;365;copie_beauce_44_1;maisT;mais_tousSols_irr_organique;19.15;0.0;35.94;0.06;0.0;63.97;185.51;63.97;192.68;-1.0;-1.0;97.96;62.59;0.0;57.9
2019;213;283;copie_oceanique_14_1;solnu;;96.61;0.0;0.0;0.16;0.0;45.23;81.7;27.73;64.2;-1.0;-1.0;0.0;80.53;0.0;0.0
2019;284;365;copie_oceanique_14_1;maisT;mais_tousSols_nonirr_organique;38.31;0.06;164.24;0.04;0.0;28.71;65.17;56.5;102.08;-1.0;-1.0;92.07;242.51;0.0;278.37
2020;1;146;sudouest_1_1;maisT;mais_tousSols_nonirr_organique;160.74;21.22;226.69;1.66;0.0;102.12;81.7;80.62;98.28;56.54;102.12;99.11;403.27;0.0;835.51
2020;147;366;sudouest_1_1;solnu;;297.07;0.0;256.29;17.89;0.0;80.62;101.07;56.26;101.84;56.54;102.12;0.0;557.75;0.0;0.0
2020;1;363;beauce_1_1;orgeh;orgeH_tousSols_nonirr_organique;386.17;26.83;176.59;5.78;0.0;102.12;81.7;101.92;101.92;56.54;102.12;97.15;588.59;0.0;4386.27
2020;364;366;beauce_1_1;solnu;;0.85;0.0;0.12;0.0;0.0;101.92;102.12;56.48;102.06;56.54;102.12;0.0;23.75;0.0;0.0
2020;1;232;sudouest_2_1;maisT;mais_tousSols_nonirr_mineral;268.65;54.26;252.84;5.41;0.0;102.12;81.7;86.29;86.29;56.54;102.12;96.97;558.38;0.0;2233.35
2020;233;366;sudouest_2_1;solnu;;153.1;0.0;233.17;6.28;0.0;86.29;91.53;56.26;101.84;56.54;102.12;0.0;402.64;0.0;0.0
2020;1;104;sudouest_3_1;maisT;mais_tousSols_irr_organique;61.37;24.57;168.84;6.23;0.0;310.4;248.32;85.38;310.4;56.91;310.4;99.04;253.95;0.0;841.83
2020;105;366;sudouest_3_1;solnu;;322.84;0.0;384.3;66.56;0.09;85.38;308.04;56.63;310.12;56.91;310.4;0.0;707.08;0.0;0.0
2020;1;163;sudouest_4_1;maisT;mais_tousSols_irr_mineral;120.59;74.82;265.35;14.05;0.0;310.4;248.32;136.35;310.4;62.0;310.4;99.39;459.23;0.0;1413.73
2020;164;366;sudouest_4_1;solnu;;219.52;0.0;281.61;41.23;0.1;136.35;305.82;56.63;310.12;62.0;310.4;0.0;501.79;0.0;0.0
2020;1;355;sudouest_5_1;maisT;mais_tousSols_nonirr_organique;324.59;89.97;526.58;54.63;2.83;310.4;248.32;255.58;307.84;56.91;310.4;99.46;949.28;0.0;3019.47
2020;356;366;sudouest_5_1;solnu;;4.37;0.0;13.67;0.52;0.0;255.58;309.35;56.63;310.12;56.91;310.4;0.0;11.74;0.0;0.0
2020;1;197;beauce_2_1;orgeh;orgeH_tousSols_nonirr_mineral;237.72;27.85;84.14;1.66;0.0;102.12;81.7;51.74;51.74;56.54;102.12;97.11;298.51;0.0;2337.92
2020;198;366;beauce_2_1;solnu;;181.6;0.0;59.26;4.66;0.0;51.74;102.12;56.48;102.06;56.54;102.12;0.0;313.82;0.0;0.0
2020;1;210;sudouest_6_1;maisT;mais_tousSols_nonirr_mineral;215.2;86.9;265.1;32.84;0.0;310.4;248.32;102.15;254.67;56.91;310.4;99.38;509.93;0.0;1791.49
2020;211;366;sudouest_6_1;solnu;;147.89;0.0;245.68;29.96;1.24;102.15;308.29;56.63;310.12;56.91;310.4;0.0;451.09;0.0;0.0
2020;1;119;sudouest_7_1;maisT;mais_tousSols_irr_organique;101.67;15.56;182.46;0.62;0.0;102.12;81.7;72.77;94.68;56.54;102.12;99.07;297.37;0.0;795.5
2020;120;366;sudouest_7_1;solnu;;360.13;0.0;302.19;18.72;0.0;72.77;89.13;56.26;101.84;56.54;102.12;0.0;663.65;0.0;0.0
2020;1;176;sudouest_8_1;maisT;mais_tousSols_irr_mineral;183.33;54.96;258.28;2.11;0.0;102.12;81.7;79.15;79.15;57.64;102.12;99.3;472.06;0.0;1548.55
2020;177;366;sudouest_8_1;solnu;;227.73;0.0;237.71;9.81;0.0;79.15;88.44;56.26;101.84;57.64;102.12;0.0;488.96;0.0;0.0
2020;1;237;sudouest_9_1;maisT;mais_tousSols_nonirr_organique;237.7;63.26;290.07;24.94;0.0;192.68;154.15;192.68;192.68;63.97;192.68;99.54;594.38;0.0;2506.63
2020;238;366;sudouest_9_1;solnu;;114.95;0.0;256.02;24.01;0.0;192.68;187.95;63.68;192.4;63.97;192.68;0.0;366.64;0.0;0.0
2020;1;187;beauce_3_1;orgeh;orgeH_tousSols_irr_organique;158.12;59.42;91.98;25.47;0.0;310.4;248.32;170.17;293.79;56.91;310.4;99.46;292.09;0.0;2510.88
2020;188;366;beauce_3_1;solnu;;162.15;0.0;118.9;32.9;0.0;170.17;221.42;56.85;310.34;56.91;310.4;0.0;320.24;0.0;0.0
2020;1;100;beauce_4_1;orgeh;orgeH_tousSols_irr_mineral;41.06;35.88;69.0;3.28;0.0;310.4;248.32;105.84;292.12;73.05;310.4;99.0;126.84;0.0;1444.13
2020;101;366;beauce_4_1;solnu;;304.52;0.0;140.11;68.18;0.0;105.84;226.93;56.85;310.34;73.05;310.4;0.0;485.5;0.0;0.0
2020;1;366;beauce_5_1;orgeh;orgeH_tousSols_nonirr_organique;313.98;41.1;235.43;64.0;0.0;310.4;248.32;305.66;310.4;56.91;310.4;100.0;612.34;0.0;4678.4
2020;1;102;beauce_6_1;orgeh;orgeH_tousSols_nonirr_mineral;45.31;33.78;69.61;3.95;0.0;310.4;248.32;102.22;290.27;69.15;310.4;99.02;127.77;0.0;1424.36
2020;103;366;beauce_6_1;solnu;;302.31;0.0;139.55;68.16;0.0;102.22;224.11;56.85;310.34;69.15;310.4;0.0;484.57;0.0;0.0
2020;1;143;beauce_7_1;orgeh;orgeH_tousSols_irr_organique;140.49;13.07;84.0;1.68;0.0;102.12;81.7;80.69;80.69;56.54;102.12;99.02;216.97;0.0;1427.12
2020;144;366;beauce_7_1;solnu;;285.77;0.0;67.23;7.44;0.0;80.69;102.12;56.48;102.06;56.54;102.12;0.0;395.37;0.0;0.0
2020;1;301;beauce_8_1;orgeh;orgeH_tousSols_irr_mineral;255.05;65.32;180.01;5.4;0.0;102.12;81.7;101.96;101.96;76.21;102.12;98.91;499.41;0.0;4571.77
2020;302;366;beauce_8_1;solnu;;27.86;0.0;62.32;0.13;0.0;101.96;61.92;56.48;102.06;76.21;102.12;0.0;112.93;0.0;0.0
2020;1;148;sudouest_10_1;maisT;mais_tousSols_nonirr_mineral;157.85;20.24;231.72;9.62;0.0;192.68;154.15;83.83;192.07;63.97;192.68;99.32;412.06;0.0;837.0
2020;149;366;sudouest_10_1;solnu;;261.92;0.0;290.11;50.04;0.16;83.83;190.31;63.68;192.4;63.97;192.68;0.0;548.96;0.0;0.0
2020;1;225;sudouest_11_1;maisT;mais_tousSols_irr_organique;259.83;64.25;255.51;25.01;0.0;192.68;154.15;126.15;150.99;63.97;192.68;98.88;537.63;0.0;1947.94
2020;226;366;sudouest_11_1;solnu;;137.22;0.0;244.91;22.26;0.28;126.15;191.02;63.68;192.4;63.97;192.68;0.0;423.39;0.0;0.0
2020;1;112;oceanique_1_1;CP;ble_tousSols_nonirr_organique;72.63;15.29;207.67;7.24;0.0;310.4;248.32;123.5;310.4;56.92;310.4;99.11;293.23;0.0;1519.27
2020;113;366;oceanique_1_1;solnu;;314.84;0.0;359.42;62.5;0.0;123.5;226.04;56.53;310.02;56.92;310.4;0.0;703.27;0.0;0.0
2020;1;135;oceanique_2_1;CP;ble_tousSols_nonirr_mineral;139.72;3.85;215.04;1.13;0.0;102.12;81.7;102.12;102.12;56.54;102.12;99.24;357.93;0.0;1499.33
2020;136;366;oceanique_2_1;solnu;;332.83;0.0;278.37;12.98;0.0;102.12;81.43;56.16;101.74;56.54;102.12;0.0;638.57;0.0;0.0
2020;1;277;sudouest_12_1;maisT;mais_tousSols_irr_mineral;322.62;60.89;386.11;35.9;0.6;192.68;154.15;192.68;192.68;63.97;192.68;99.28;768.68;0.0;2776.73
2020;278;366;sudouest_12_1;solnu;;51.06;0.0;140.74;11.01;0.0;192.68;192.68;63.68;192.4;63.97;192.68;0.0;192.34;0.0;0.0
2020;1;151;sudouest_13_1;maisT;mais_tousSols_nonirr_organique;144.48;39.88;234.91;1.16;0.0;102.12;81.7;99.76;99.76;56.54;102.12;99.21;426.74;0.0;1180.8
2020;152;366;sudouest_13_1;solnu;;284.45;0.0;258.29;17.77;0.0;99.76;92.78;56.26;101.84;56.54;102.12;0.0;534.28;0.0;0.0
2020;1;153;sudouest_14_1;maisT;mais_tousSols_nonirr_mineral;174.26;23.06;236.05;1.71;0.0;102.12;81.7;84.81;102.12;56.54;102.12;99.07;431.83;0.0;838.43
2020;154;366;sudouest_14_1;solnu;;281.17;0.0;247.47;17.77;0.0;84.81;99.81;56.26;101.84;56.54;102.12;0.0;529.19;0.0;0.0
2020;1;250;sudouest_15_1;maisT;mais_tousSols_irr_organique;257.9;84.58;285.24;42.86;0.0;310.4;248.32;198.85;307.14;56.91;310.4;99.43;622.92;0.0;2417.11
2020;251;366;sudouest_15_1;solnu;;91.31;0.0;242.69;14.58;0.29;198.85;309.07;56.63;310.12;56.91;310.4;0.0;338.1;0.0;0.0
2020;1;123;sudouest_16_1;maisT;mais_tousSols_irr_mineral;96.9;20.4;187.54;10.99;0.0;310.4;248.32;78.83;310.39;56.91;310.4;99.19;303.29;0.0;783.62
2020;124;366;sudouest_16_1;solnu;;292.85;0.0;364.3;61.26;0.02;78.83;310.4;56.63;310.12;56.91;310.4;0.0;657.73;0.0;0.0
2020;1;121;oceanique_3_1;CP;ble_tousSols_nonirr_organique;103.35;7.52;206.65;0.68;0.0;102.12;81.7;102.12;102.12;56.54;102.12;99.15;314.6;0.0;1500.82
2020;122;366;oceanique_3_1;solnu;;362.02;0.0;290.29;13.21;0.0;102.12;64.21;56.16;101.74;56.54;102.12;0.0;681.9;0.0;0.0
2020;1;150;oceanique_4_1;CP;ble_tousSols_nonirr_mineral;146.04;10.56;273.14;16.18;0.0;310.4;248.32;135.8;301.15;56.91;310.4;99.33;425.05;0.0;1726.13
2020;151;366;oceanique_4_1;solnu;;249.49;0.0;290.56;54.12;0.01;135.8;236.22;56.53;310.02;56.91;310.4;0.0;571.45;0.0;0.0
2020;1;173;sudouest_17_1;maisT;mais_tousSols_nonirr_organique;148.03;74.07;264.41;20.04;0.0;310.4;248.32;120.78;294.96;56.91;310.4;99.42;472.06;0.0;1445.38
2020;174;366;sudouest_17_1;solnu;;204.48;0.0;271.02;46.64;0.01;120.78;303.72;56.63;310.12;56.91;310.4;0.0;488.96;0.0;0.0
2020;1;113;beauce_9_1;orgeh;orgeH_tousSols_nonirr_organique;77.82;16.47;76.38;1.43;0.0;192.68;154.15;112.24;188.83;63.97;192.68;99.08;167.87;0.0;1374.9
2020;114;366;beauce_9_1;solnu;;328.11;0.0;91.78;28.36;0.0;112.24;124.49;63.9;192.62;63.97;192.68;0.0;444.46;0.0;0.0
2020;1;313;oceanique_5_1;CP;ble_tousSols_nonirr_organique;379.63;16.84;466.52;37.56;0.0;192.68;154.15;192.68;192.68;63.97;192.68;99.68;859.59;0.0;4406.7
2020;314;366;oceanique_5_1;solnu;;21.22;0.0;85.62;1.6;0.0;192.68;135.16;63.58;192.3;63.97;192.68;0.0;136.91;0.0;0.0
2020;1;291;sudouest_18_1;maisT;mais_tousSols_nonirr_mineral;297.22;85.21;411.37;50.32;0.11;310.4;248.32;234.4;309.35;56.91;310.4;99.5;791.33;0.0;2854.09
2020;292;366;sudouest_18_1;solnu;;37.95;0.0;130.15;6.25;0.0;234.4;310.4;56.63;310.12;56.91;310.4;0.0;169.69;0.0;0.0
2020;1;278;sudouest_19_1;maisT;mais_tousSols_irr_organique;352.12;53.82;365.17;6.73;0.0;102.12;81.7;101.22;101.22;56.54;102.12;96.2;768.68;0.0;2733.07
2020;279;366;sudouest_19_1;solnu;;56.39;0.0;134.5;1.75;0.0;101.22;102.12;56.26;101.84;56.54;102.12;0.0;192.34;0.0;0.0
2020;1;151;sudouest_20_1;maisT;mais_tousSols_irr_mineral;170.19;23.66;225.81;1.66;0.0;102.12;81.7;82.43;99.37;56.54;102.12;99.08;426.74;0.0;841.53
2020;152;366;sudouest_20_1;solnu;;283.26;0.0;259.08;16.17;0.0;82.43;101.58;56.26;101.84;56.54;102.12;0.0;534.28;0.0;0.0
2020;1;118;sudouest_21_1;maisT;mais_tousSols_nonirr_organique;89.08;22.44;185.03;3.19;0.0;192.68;154.15;91.89;188.37;63.97;192.68;99.15;290.71;0.0;950.31
2020;119;366;sudouest_21_1;solnu;;322.15;0.0;343.28;56.27;0.03;91.89;192.63;63.68;192.4;63.97;192.68;0.0;670.31;0.0;0.0
2020;1;193;sudouest_22_1;maisT;mais_tousSols_nonirr_mineral;214.47;59.13;258.64;18.71;0.0;192.68;154.15;102.95;148.3;63.97;192.68;99.4;486.32;0.0;1610.18
2020;194;366;sudouest_22_1;solnu;;178.27;0.0;251.37;32.58;0.12;102.95;183.66;63.68;192.4;63.97;192.68;0.0;474.7;0.0;0.0
2020;1;252;sudouest_23_1;maisT;mais_tousSols_irr_organique;298.65;62.29;273.88;29.43;0.0;192.68;154.15;192.68;192.68;63.97;192.68;99.03;633.29;0.0;2386.87
2020;253;366;sudouest_23_1;solnu;;89.21;0.0;237.94;14.41;0.03;192.68;192.68;63.68;192.4;63.97;192.68;0.0;327.73;0.0;0.0
2020;1;195;oceanique_6_1;CP;ble_tousSols_nonirr_mineral;157.5;62.69;305.16;8.52;0.0;192.68;154.15;180.64;180.64;76.26;192.68;99.49;509.86;0.0;2885.61
2020;196;366;oceanique_6_1;solnu;;177.48;0.0;267.04;22.85;0.0;180.64;137.58;63.58;192.3;76.26;192.68;0.0;486.64;0.0;0.0
2020;1;268;beauce_10_1;orgeh;orgeH_tousSols_nonirr_mineral;335.93;24.13;87.78;21.72;0.0;192.68;154.15;175.95;175.95;63.97;192.68;99.51;430.29;0.0;3685.16
2020;269;366;beauce_10_1;solnu;;59.06;0.0;83.67;4.18;0.0;175.95;153.65;63.9;192.62;63.97;192.68;0.0;182.05;0.0;0.0
2020;1;129;beauce_11_1;orgeh;orgeH_tousSols_irr_organique;116.1;9.81;86.69;3.7;0.0;192.68;154.15;98.82;177.69;63.97;192.68;99.2;196.8;0.0;1355.95
2020;130;366;beauce_11_1;solnu;;297.21;0.0;80.76;25.84;0.0;98.82;143.44;63.9;192.62;63.97;192.68;0.0;415.54;0.0;0.0
2020;1;155;beauce_12_1;orgeh;orgeH_tousSols_irr_mineral;159.45;13.79;84.43;6.58;0.0;192.68;154.15;116.33;177.54;63.97;192.68;99.31;241.72;0.0;1462.73
2020;156;366;beauce_12_1;solnu;;254.9;0.0;77.99;22.78;0.0;116.33;186.84;63.9;192.62;63.97;192.68;0.0;370.62;0.0;0.0
2020;1;201;sudouest_24_1;maisT;mais_tousSols_irr_mineral;206.57;60.65;262.27;19.08;0.0;192.68;154.15;143.14;162.94;63.97;192.68;99.47;498.21;0.0;1942.19
2020;202;366;sudouest_24_1;solnu;;168.02;0.0;264.01;25.27;0.49;143.14;181.41;63.68;192.4;63.97;192.68;0.0;462.81;0.0;0.0
2020;1;121;beauce_13_1;CP;ble_tousSols_nonirr_organique;99.68;9.32;86.63;0.64;0.0;102.12;81.7;102.12;102.12;56.54;102.12;98.94;195.03;0.0;1359.65
2020;122;366;beauce_13_1;solnu;;323.0;0.0;71.94;10.98;0.0;102.12;59.04;56.48;102.06;56.54;102.12;0.0;417.31;0.0;0.0
2020;1;159;beauce_14_1;maisT;mais_tousSols_nonirr_organique;165.39;16.68;82.8;1.72;0.0;102.12;81.7;49.44;90.44;56.54;102.12;92.79;255.81;0.0;610.16
2020;160;366;beauce_14_1;solnu;;256.28;0.0;69.42;5.14;0.0;49.44;85.03;56.48;102.06;56.54;102.12;0.0;356.53;0.0;0.0
2020;1;364;beauce_15_1;maisT;mais_tousSols_nonirr_organique;335.5;80.6;173.64;4.13;0.0;102.12;81.7;101.79;101.79;56.54;102.12;85.73;589.55;0.0;2199.22
2020;365;366;beauce_15_1;solnu;;0.41;0.0;0.42;0.0;0.0;101.79;102.12;56.48;102.06;56.54;102.12;0.0;22.79;0.0;0.0
2020;1;112;beauce_16_1;maisT;mais_tousSols_nonirr_mineral;86.03;8.08;74.22;0.5;0.0;102.12;81.7;53.68;99.26;56.54;102.12;97.04;166.01;0.0;423.66
2020;113;366;beauce_16_1;solnu;;340.23;0.0;82.0;10.95;0.0;53.68;56.01;56.48;102.06;56.54;102.12;0.0;446.33;0.0;0.0
2020;1;202;beauce_17_1;CP;ble_tousSols_nonirr_mineral;240.97;25.49;86.1;1.72;0.0;102.12;81.7;50.45;50.45;56.54;102.12;97.55;300.08;0.0;2607.8
2020;203;366;beauce_17_1;solnu;;175.82;0.0;62.19;4.64;0.0;50.45;58.29;56.48;102.06;56.54;102.12;0.0;312.26;0.0;0.0
2020;1;366;beauce_18_1;maisT;mais_tousSols_nonirr_mineral;327.96;84.17;178.37;3.93;0.0;102.12;81.7;102.12;102.12;56.54;102.12;85.68;612.34;0.0;2265.46
2020;1;273;beauce_19_1;CP;ble_tousSols_irr_organique;295.7;33.51;131.86;61.07;0.0;310.4;248.32;268.4;310.4;56.91;310.4;99.63;460.26;0.0;3833.81
2020;274;366;beauce_19_1;solnu;;49.93;0.0;79.56;11.47;0.0;268.4;238.77;56.85;310.34;56.91;310.4;0.0;152.08;0.0;0.0
2020;1;106;beauce_20_1;maisT;mais_tousSols_irr_organique;66.17;13.96;69.86;8.2;0.0;310.4;248.32;40.8;294.29;56.91;310.4;99.03;136.87;0.0;441.91
2020;107;366;beauce_20_1;solnu;;297.75;0.0;142.83;68.04;0.0;40.8;219.21;56.85;310.34;56.91;310.4;0.0;475.46;0.0;0.0
2020;1;233;beauce_21_1;maisT;mais_tousSols_irr_organique;157.1;180.15;89.03;9.64;0.0;310.4;248.32;98.66;251.18;56.91;310.4;94.31;366.25;0.0;1779.06
2020;234;366;beauce_21_1;solnu;;101.71;0.0;62.58;22.19;0.0;98.66;227.07;56.85;310.34;56.91;310.4;0.0;246.09;0.0;0.0
2020;1;236;beauce_22_1;maisT;mais_tousSols_irr_mineral;198.97;145.91;94.51;21.17;0.0;310.4;248.32;80.88;251.06;56.91;310.4;91.51;385.26;0.0;1535.07
2020;237;366;beauce_22_1;solnu;;96.01;0.0;55.16;20.86;0.0;80.88;271.92;56.85;310.34;56.91;310.4;0.0;227.08;0.0;0.0
2020;1;128;beauce_23_1;CP;ble_tousSols_irr_mineral;101.03;11.59;94.59;14.16;0.0;310.4;248.32;104.12;300.79;56.91;310.4;99.22;196.8;0.0;1354.64
2020;129;366;beauce_23_1;solnu;;265.13;0.0;118.22;65.85;0.0;104.12;238.77;56.85;310.34;56.91;310.4;0.0;415.54;0.0;0.0
2020;1;366;beauce_24_1;maisT;mais_tousSols_irr_mineral;246.86;151.8;191.84;32.64;0.0;310.4;248.32;210.58;310.4;56.91;310.4;94.85;612.34;0.0;2255.36
2020;1;154;beauce_25_1;CP;ble_tousSols_nonirr_organique;140.55;14.37;94.05;22.27;0.0;310.4;248.32;126.19;300.71;56.91;310.4;99.35;241.72;0.0;1464.44
2020;155;366;beauce_25_1;solnu;;227.27;0.0;114.33;57.62;0.0;126.19;278.49;56.85;310.34;56.91;310.4;0.0;370.62;0.0;0.0
2020;1;211;beauce_26_1;maisT;mais_tousSols_nonirr_organique;175.55;133.38;94.65;19.96;0.0;310.4;248.32;38.51;228.94;56.91;310.4;92.64;321.31;0.0;1262.39
2020;212;366;beauce_26_1;solnu;;135.04;0.0;51.95;28.13;0.0;38.51;240.48;56.85;310.34;56.91;310.4;0.0;291.03;0.0;0.0
2020;1;262;beauce_27_1;maisT;mais_tousSols_nonirr_organique;183.02;179.21;90.24;15.53;0.0;310.4;248.32;159.72;285.35;56.91;310.4;94.35;426.82;0.0;2121.99
2020;263;366;beauce_27_1;solnu;;58.66;0.0;79.44;15.02;0.0;159.72;224.15;56.85;310.34;56.91;310.4;0.0;185.52;0.0;0.0
2020;1;142;beauce_28_1;maisT;mais_tousSols_nonirr_mineral;121.86;14.07;94.48;19.41;0.0;310.4;248.32;42.64;296.13;56.91;310.4;99.27;215.32;0.0;473.26
2020;143;366;beauce_28_1;solnu;;245.72;0.0;114.44;59.64;0.0;42.64;269.04;56.85;310.34;56.91;310.4;0.0;397.01;0.0;0.0
2020;1;314;beauce_29_1;CP;ble_tousSols_nonirr_mineral;252.86;66.94;191.45;49.62;0.0;310.4;248.32;309.95;309.95;74.83;310.4;99.68;510.2;0.0;4668.59
2020;315;366;beauce_29_1;solnu;;18.5;0.0;60.81;2.38;0.0;309.95;225.02;56.85;310.34;74.83;310.4;0.0;102.14;0.0;0.0
2020;1;131;beauce_30_1;maisT;mais_tousSols_nonirr_mineral;106.55;11.49;94.69;16.86;0.0;310.4;248.32;42.91;296.4;56.91;310.4;99.23;197.93;0.0;416.97
2020;132;366;beauce_30_1;solnu;;261.43;0.0;116.39;62.63;0.0;42.91;240.95;56.85;310.34;56.91;310.4;0.0;414.41;0.0;0.0
2020;1;189;beauce_31_1;CP;ble_tousSols_irr_organique;235.04;26.6;83.45;1.91;0.0;102.12;81.7;49.94;49.94;56.54;102.12;97.69;292.09;0.0;2184.22
2020;190;366;beauce_31_1;solnu;;187.87;0.0;57.6;4.18;0.0;49.94;102.12;56.48;102.06;56.54;102.12;0.0;320.24;0.0;0.0
2020;1;103;beauce_32_1;maisT;mais_tousSols_irr_organique;68.74;11.45;68.28;0.21;0.0;102.12;81.7;36.64;82.22;56.54;102.12;96.53;128.15;0.0;472.13
2020;104;366;beauce_32_1;solnu;;353.79;0.0;88.3;10.76;0.0;36.64;59.36;56.48;102.06;56.54;102.12;0.0;484.19;0.0;0.0
2020;1;201;beauce_33_1;maisT;mais_tousSols_irr_organique;229.43;62.28;82.08;1.87;0.0;102.12;81.7;29.22;29.22;56.54;102.12;86.36;300.08;0.0;1116.97
2020;202;366;beauce_33_1;solnu;;177.02;0.0;39.75;1.07;0.0;29.22;101.07;56.48;102.06;56.54;102.12;0.0;312.26;0.0;0.0
2020;1;209;beauce_34_1;maisT;mais_tousSols_irr_mineral;231.23;69.18;82.73;1.7;0.0;102.12;81.7;32.14;32.14;56.54;102.12;84.57;321.31;0.0;1231.76
2020;210;366;beauce_34_1;solnu;;171.02;0.0;36.4;1.2;0.0;32.14;86.83;56.48;102.06;56.54;102.12;0.0;291.03;0.0;0.0
2020;1;341;beauce_35_1;CP;ble_tousSols_irr_mineral;386.52;24.85;125.44;6.03;0.0;102.12;81.7;101.34;101.34;56.54;102.12;97.44;535.22;0.0;4465.45
2020;342;366;beauce_35_1;solnu;;7.71;0.0;46.04;0.08;0.0;101.34;74.72;56.48;102.06;56.54;102.12;0.0;77.11;0.0;0.0
2020;1;366;beauce_36_1;maisT;mais_tousSols_irr_mineral;326.46;84.48;179.57;3.77;0.0;102.12;81.7;102.12;102.12;56.54;102.12;85.83;612.34;0.0;2296.58
2020;1;133;beauce_37_1;CP;ble_tousSols_nonirr_organique;125.74;7.34;85.28;5.25;0.0;192.68;154.15;97.14;174.22;63.97;192.68;99.23;200.66;0.0;1373.4
2020;134;366;beauce_37_1;solnu;;293.13;0.0;79.07;27.47;0.0;97.14;146.7;63.9;192.62;63.97;192.68;0.0;411.68;0.0;0.0
2020;1;143;beauce_38_1;maisT;mais_tousSols_nonirr_organique;140.15;12.78;83.86;6.14;0.0;192.68;154.15;43.31;172.03;63.97;192.68;99.17;216.97;0.0;476.21
2020;144;366;beauce_38_1;solnu;;275.09;0.0;78.69;22.67;0.0;43.31;176.71;63.9;192.62;63.97;192.68;0.0;395.37;0.0;0.0
2020;1;182;beauce_39_1;maisT;mais_tousSols_nonirr_organique;200.8;58.74;83.04;6.71;0.0;192.68;154.15;28.14;135.74;63.97;192.68;96.63;284.83;0.0;850.35
2020;183;366;beauce_39_1;solnu;;184.58;0.0;63.4;10.49;0.0;28.14;183.67;63.9;192.62;63.97;192.68;0.0;327.51;0.0;0.0
2020;1;129;beauce_40_1;maisT;mais_tousSols_nonirr_mineral;86.25;40.71;87.18;0.71;0.0;192.68;154.15;48.82;176.15;63.97;192.68;98.48;196.8;0.0;647.13
2020;130;366;beauce_40_1;solnu;;297.78;0.0;78.65;23.29;0.0;48.82;130.96;63.9;192.62;63.97;192.68;0.0;415.54;0.0;0.0
2020;1;163;beauce_41_1;CP;ble_tousSols_nonirr_mineral;177.94;17.99;86.95;6.36;0.0;192.68;154.15;132.78;166.43;63.97;192.68;99.36;255.81;0.0;1886.81
2020;164;366;beauce_41_1;solnu;;232.33;0.0;75.36;26.03;0.0;132.78;126.92;63.9;192.62;63.97;192.68;0.0;356.53;0.0;0.0
2020;1;225;beauce_42_1;maisT;mais_tousSols_nonirr_mineral;233.07;101.18;84.36;5.87;0.0;192.68;154.15;68.19;128.6;63.97;192.68;90.37;354.05;0.0;1431.46
2020;226;366;beauce_42_1;solnu;;132.97;0.0;39.0;11.25;0.0;68.19;155.36;63.9;192.62;63.97;192.68;0.0;258.29;0.0;0.0
2020;1;196;beauce_43_1;CP;ble_tousSols_irr_organique;220.69;30.55;88.81;11.6;0.0;192.68;154.15;151.72;151.72;63.97;192.68;99.44;298.51;0.0;2612.94
2020;197;366;beauce_43_1;solnu;;175.36;0.0;75.16;15.11;0.0;151.72;124.57;63.9;192.62;63.97;192.68;0.0;313.82;0.0;0.0
2020;1;135;beauce_44_1;maisT;mais_tousSols_irr_organique;121.75;14.78;85.89;4.51;0.0;192.68;154.15;46.86;175.57;63.97;192.68;99.17;204.5;0.0;475.69
2020;136;366;beauce_44_1;solnu;;289.44;0.0;78.71;21.41;0.0;46.86;126.4;63.9;192.62;63.97;192.68;0.0;407.84;0.0;0.0
2020;1;134;beauce_45_1;maisT;mais_tousSols_irr_organique;127.02;9.18;84.5;5.34;0.0;192.68;154.15;44.73;173.45;63.97;192.68;99.21;204.5;0.0;427.64
2020;135;366;beauce_45_1;solnu;;290.43;0.0;79.43;22.74;0.0;44.73;146.22;63.9;192.62;63.97;192.68;0.0;407.84;0.0;0.0
2020;1;151;beauce_46_1;maisT;mais_tousSols_irr_mineral;134.96;33.44;86.86;3.9;0.0;192.68;154.15;46.62;175.34;63.97;192.68;97.89;237.11;0.0;632.19
2020;152;366;beauce_46_1;solnu;;257.9;0.0;77.41;18.17;0.0;46.62;126.2;63.9;192.62;63.97;192.68;0.0;375.23;0.0;0.0
2020;1;349;beauce_47_1;CP;ble_tousSols_irr_mineral;388.12;25.49;151.14;27.66;0.0;192.68;154.15;192.61;192.68;63.97;192.68;99.59;563.94;0.0;4350.96
2020;350;366;beauce_47_1;solnu;;5.34;0.0;20.48;0.24;0.0;192.61;175.68;63.9;192.62;63.97;192.68;0.0;48.4;0.0;0.0
2020;1;239;beauce_48_1;maisT;mais_tousSols_irr_mineral;239.79;112.78;85.53;4.97;0.0;192.68;154.15;107.23;152.3;63.97;192.68;89.84;396.91;0.0;1630.67
2020;240;366;beauce_48_1;solnu;;109.17;0.0;43.3;8.97;0.0;107.23;143.31;63.9;192.62;63.97;192.68;0.0;215.43;0.0;0.0
2020;1;189;oceanique_7_1;orgeh;orgeH_tousSols_nonirr_organique;213.9;22.0;284.93;28.28;0.0;310.4;248.32;159.38;302.31;56.91;310.4;99.47;509.35;0.0;2173.73
2020;190;366;oceanique_7_1;solnu;;168.5;0.0;280.48;27.79;0.0;159.38;302.17;56.53;310.02;56.91;310.4;0.0;487.15;0.0;0.0
2020;1;126;oceanique_8_1;maisT;mais_tousSols_nonirr_organique;102.11;12.48;218.18;11.15;0.0;310.4;248.32;51.79;305.28;56.91;310.4;99.21;332.24;0.0;476.45
2020;127;366;oceanique_8_1;solnu;;291.32;0.0;345.72;59.02;0.01;51.79;239.38;56.53;310.02;56.91;310.4;0.0;664.26;0.0;0.0
2020;1;175;oceanique_9_1;maisT;mais_tousSols_nonirr_organique;142.82;76.22;278.77;14.14;0.0;310.4;248.32;95.22;299.58;56.91;310.4;99.43;483.9;0.0;1064.43
2020;176;366;oceanique_9_1;solnu;;197.44;0.0;274.58;46.44;0.01;95.22;237.84;56.53;310.02;56.91;310.4;0.0;512.61;0.0;0.0
2020;1;108;oceanique_10_1;maisT;mais_tousSols_nonirr_mineral;74.62;12.13;201.72;0.26;0.0;102.12;81.7;56.54;102.12;56.54;102.12;98.97;286.68;0.0;524.37
2020;109;366;oceanique_10_1;solnu;;385.99;0.0;295.37;13.55;0.0;56.54;67.88;56.16;101.74;56.54;102.12;0.0;709.82;0.0;0.0
2020;1;262;oceanique_11_1;orgeh;orgeH_tousSols_nonirr_mineral;367.61;11.15;297.02;9.25;0.0;102.12;81.7;96.96;96.96;56.54;102.12;99.51;667.22;0.0;3657.24
2020;263;366;oceanique_11_1;solnu;;77.9;0.0;216.14;2.27;0.0;96.96;76.39;56.16;101.74;56.54;102.12;0.0;329.28;0.0;0.0
2020;1;253;oceanique_12_1;maisT;mais_tousSols_nonirr_mineral;260.07;93.52;89.9;0.47;0.0;102.12;81.7;85.72;85.72;56.54;102.12;80.63;426.27;0.0;2006.61
2020;254;366;oceanique_12_1;solnu;;86.6;0.0;60.49;4.26;0.0;85.72;59.36;56.48;102.06;56.54;102.12;0.0;186.07;0.0;0.0
2020;1;210;oceanique_13_1;orgeh;orgeH_tousSols_nonirr_organique;264.89;18.58;274.44;5.03;0.0;102.12;81.7;88.59;88.59;56.54;102.12;99.48;542.43;0.0;2867.93
2020;211;366;oceanique_13_1;solnu;;170.54;0.0;241.38;5.22;0.0;88.59;64.2;56.16;101.74;56.54;102.12;0.0;454.07;0.0;0.0
2020;1;251;oceanique_14_1;maisT;mais_tousSols_nonirr_organique;299.49;69.77;288.89;2.43;0.0;102.12;81.7;91.79;91.79;56.54;102.12;97.3;644.41;0.0;1891.9
2020;252;366;oceanique_14_1;solnu;;96.43;0.0;215.25;3.51;0.0;91.79;65.43;56.16;101.74;56.54;102.12;0.0;352.09;0.0;0.0
2020;1;117;oceanique_15_1;maisT;mais_tousSols_nonirr_organique;93.05;10.31;205.4;0.43;0.0;102.12;81.7;52.29;97.87;56.54;102.12;99.08;301.27;0.0;506.38
2020;118;366;oceanique_15_1;solnu;;368.97;0.0;292.1;13.36;0.0;52.29;64.79;56.16;101.74;56.54;102.12;0.0;695.24;0.0;0.0
2020;1;365;oceanique_16_1;maisT;mais_tousSols_nonirr_mineral;326.49;90.47;552.47;49.4;0.01;310.4;248.32;216.31;310.4;56.91;310.4;99.67;966.04;0.0;2314.87
2020;366;366;oceanique_16_1;solnu;;0.38;0.0;0.0;0.0;0.0;216.31;264.22;56.53;310.02;56.91;310.4;0.0;30.46;0.0;0.0
2020;1;232;oceanique_17_1;orgeh;orgeH_tousSols_nonirr_mineral;246.88;28.09;342.54;40.69;0.0;310.4;248.32;223.3;310.4;56.91;310.4;99.57;614.09;0.0;3268.64
2020;233;366;oceanique_17_1;solnu;;108.07;0.0;244.22;16.19;0.05;223.3;226.04;56.53;310.02;56.91;310.4;0.0;382.41;0.0;0.0
2020;1;258;oceanique_18_1;maisT;mais_tousSols_nonirr_mineral;205.54;140.83;321.27;30.85;0.0;310.4;248.32;185.56;310.4;56.91;310.4;99.6;664.32;0.0;2130.07
2020;259;366;oceanique_18_1;solnu;;75.33;0.0;226.89;11.82;0.0;185.56;235.03;56.53;310.02;56.91;310.4;0.0;332.19;0.0;0.0
2020;1;213;oceanique_19_1;orgeh;orgeH_tousSols_nonirr_organique;278.3;14.87;265.51;19.65;0.0;192.68;154.15;178.61;179.82;63.97;192.68;99.53;542.43;0.0;2630.43
2020;214;366;oceanique_19_1;solnu;;146.71;0.0;264.42;18.18;0.0;178.61;190.6;63.58;192.3;63.97;192.68;0.0;454.07;0.0;0.0
2020;1;233;oceanique_20_1;maisT;mais_tousSols_nonirr_organique;280.89;67.75;270.9;15.84;0.0;192.68;154.15;137.25;190.63;63.97;192.68;99.22;614.09;0.0;1517.4
2020;234;366;oceanique_20_1;solnu;;114.43;0.0;235.85;18.35;0.0;137.25;158.83;63.58;192.3;63.97;192.68;0.0;382.41;0.0;0.0
2020;1;251;oceanique_21_1;maisT;mais_tousSols_nonirr_organique;308.62;68.21;280.88;19.37;0.0;192.68;154.15;144.55;182.77;63.97;192.68;99.27;644.41;0.0;1724.35
2020;252;366;oceanique_21_1;solnu;;85.41;0.0;226.69;13.31;0.0;144.55;192.68;63.58;192.3;63.97;192.68;0.0;352.09;0.0;0.0
2020;1;186;oceanique_22_1;maisT;mais_tousSols_nonirr_mineral;217.66;37.63;269.13;8.87;0.0;192.68;154.15;87.26;180.57;63.97;192.68;99.45;508.92;0.0;989.52
2020;187;366;oceanique_22_1;solnu;;190.67;0.0;254.72;30.91;0.0;87.26;144.33;63.58;192.3;63.97;192.68;0.0;487.58;0.0;0.0
2020;1;216;oceanique_23_1;orgeh;orgeH_tousSols_nonirr_mineral;282.03;14.76;265.77;21.01;0.0;192.68;154.15;175.94;175.94;63.97;192.68;99.54;542.43;0.0;2695.23
2020;217;366;oceanique_23_1;solnu;;143.46;0.0;263.79;18.16;0.0;175.94;191.59;63.58;192.3;63.97;192.68;0.0;454.07;0.0;0.0
2020;1;143;oceanique_24_1;maisT;mais_tousSols_nonirr_mineral;144.27;10.01;262.79;3.75;0.0;192.68;154.15;63.97;192.68;63.97;192.68;99.3;414.2;0.0;525.09
2020;144;366;oceanique_24_1;solnu;;288.34;0.0;264.4;40.69;0.0;63.97;192.68;63.58;192.3;63.97;192.68;0.0;582.3;0.0;0.0
2020;1;115;sudouest_25_1;CP;ble_tousSols_nonirr_organique;82.96;23.34;184.38;0.38;0.0;102.12;81.7;101.71;101.71;60.48;102.12;99.1;288.74;0.0;1856.94
2020;116;366;sudouest_25_1;solnu;;368.41;0.0;302.91;19.96;0.0;101.71;93.89;56.26;101.84;60.48;102.12;0.0;672.28;0.0;0.0
2020;1;98;sudouest_26_1;orgeh;orgeH_tousSols_nonirr_organique;28.83;54.2;161.58;0.0;0.0;102.12;81.7;101.87;101.87;94.38;102.12;98.88;242.82;0.0;1940.38
2020;99;366;sudouest_26_1;solnu;;398.39;0.0;319.01;19.77;0.0;101.87;97.39;56.26;101.84;94.38;102.12;0.0;718.2;0.0;0.0
2020;1;366;sudouest_27_1;CP;ble_tousSols_nonirr_mineral;265.71;64.73;631.4;8.0;0.0;102.12;81.7;102.0;102.0;79.32;102.12;99.94;961.02;0.0;5891.95
2020;1;136;sudouest_28_1;orgeh;orgeH_tousSols_nonirr_mineral;149.48;8.97;225.74;1.67;0.0;102.12;81.7;102.12;102.12;56.54;102.12;99.23;382.65;0.0;1855.49
2020;137;366;sudouest_28_1;solnu;;321.3;0.0;256.53;16.84;0.0;102.12;102.12;56.26;101.84;56.54;102.12;0.0;578.37;0.0;0.0
2020;1;254;sudouest_29_1;CP;ble_tousSols_irr_organique;228.89;58.92;350.21;43.25;0.0;310.4;248.32;296.8;307.63;65.84;310.4;99.61;633.82;0.0;4481.59
2020;255;366;sudouest_29_1;solnu;;83.82;0.0;238.26;16.69;1.91;296.8;307.67;56.63;310.12;65.84;310.4;0.0;327.19;0.0;0.0
2020;1;112;sudouest_30_1;orgeh;orgeH_tousSols_irr_organique;57.36;44.25;184.68;5.11;0.0;310.4;248.32;134.56;303.6;65.84;310.4;99.11;277.96;0.0;1860.29
2020;113;366;sudouest_30_1;solnu;;310.95;0.0;364.41;63.5;0.37;134.56;307.67;56.63;310.12;65.84;310.4;0.0;683.07;0.0;0.0
2020;1;106;sudouest_31_1;CP;ble_tousSols_irr_mineral;44.89;48.84;167.58;3.88;0.0;310.4;248.32;150.14;310.4;77.22;310.4;99.06;274.44;0.0;1879.81
2020;107;366;sudouest_31_1;solnu;;321.29;0.0;378.41;69.86;1.0;150.14;303.72;56.63;310.12;77.22;310.4;0.0;686.59;0.0;0.0
2020;1;105;sudouest_32_1;orgeh;orgeH_tousSols_irr_mineral;35.34;59.45;161.41;2.68;0.0;310.4;248.32;141.23;309.68;79.32;310.4;99.05;259.77;0.0;1887.66
2020;106;366;sudouest_32_1;solnu;;321.07;0.0;384.08;66.4;0.66;141.23;305.86;56.63;310.12;79.32;310.4;0.0;701.25;0.0;0.0
2020;1;280;sudouest_33_1;CP;ble_tousSols_nonirr_organique;310.63;28.87;430.87;59.43;2.36;310.4;248.32;307.88;307.88;56.91;310.4;99.64;768.68;0.0;4768.27
2020;281;366;sudouest_33_1;solnu;;48.15;0.0;141.13;10.3;0.0;307.88;309.19;56.63;310.12;56.91;310.4;0.0;192.34;0.0;0.0
2020;1;145;sudouest_34_1;orgeh;orgeH_tousSols_nonirr_organique;140.56;19.63;243.77;20.13;0.0;310.4;248.32;145.51;310.4;56.91;310.4;99.31;403.27;0.0;1888.35
2020;146;366;sudouest_34_1;solnu;;256.0;0.0;301.47;52.33;0.58;145.51;310.4;56.63;310.12;56.91;310.4;0.0;557.75;0.0;0.0
2020;1;145;sudouest_35_1;CP;ble_tousSols_nonirr_mineral;143.28;16.81;243.88;20.76;0.0;310.4;248.32;154.32;310.4;56.91;310.4;99.31;403.27;0.0;1888.35
2020;146;366;sudouest_35_1;solnu;;257.76;0.0;298.84;57.36;1.45;154.32;310.4;56.63;310.12;56.91;310.4;0.0;557.75;0.0;0.0
2020;1;247;sudouest_36_1;orgeh;orgeH_tousSols_nonirr_mineral;140.33;89.13;372.76;24.66;0.0;310.4;248.32;283.47;304.82;81.31;310.4;99.6;595.11;0.0;4464.95
2020;248;366;sudouest_36_1;solnu;;98.98;0.0;259.7;17.01;1.1;283.47;308.04;56.63;310.12;81.31;310.4;0.0;365.91;0.0;0.0
2020;1;205;sudouest_37_1;CP;ble_tousSols_irr_organique;251.16;22.87;256.4;8.66;0.0;102.12;81.7;83.16;83.16;56.54;102.12;99.42;509.93;0.0;3322.31
2020;206;366;sudouest_37_1;solnu;;187.68;0.0;243.9;6.13;0.0;83.16;91.18;56.26;101.84;56.54;102.12;0.0;451.09;0.0;0.0
2020;1;110;sudouest_38_1;orgeh;orgeH_tousSols_irr_organique;55.66;41.92;183.97;0.03;0.0;102.12;81.7;99.37;99.37;69.27;102.12;99.04;277.26;0.0;1862.17
2020;111;366;sudouest_38_1;solnu;;378.56;0.0;301.9;19.16;0.0;99.37;101.72;56.26;101.84;69.27;102.12;0.0;683.76;0.0;0.0
2020;1;213;sudouest_39_1;CP;ble_tousSols_irr_mineral;293.31;10.54;243.17;10.68;0.0;102.12;81.7;66.57;66.57;56.54;102.12;99.33;509.93;0.0;3267.51
2020;214;366;sudouest_39_1;solnu;;173.39;0.0;241.6;5.91;0.0;66.57;101.52;56.26;101.84;56.54;102.12;0.0;451.09;0.0;0.0
2020;1;117;sudouest_40_1;orgeh;orgeH_tousSols_irr_mineral;81.96;27.1;185.0;0.28;0.0;102.12;81.7;98.33;98.33;57.35;102.12;99.11;290.71;0.0;1852.63
2020;118;366;sudouest_40_1;solnu;;364.84;0.0;303.1;18.68;0.0;98.33;91.52;56.26;101.84;57.35;102.12;0.0;670.31;0.0;0.0
2020;1;190;sudouest_41_1;CP;ble_tousSols_nonirr_organique;187.27;43.59;272.72;16.48;0.0;192.68;154.15;176.97;176.97;63.97;192.68;99.47;486.32;0.0;3113.05
2020;191;366;sudouest_41_1;solnu;;179.79;0.0;277.85;28.43;0.79;176.97;186.9;63.68;192.4;63.97;192.68;0.0;474.7;0.0;0.0
2020;1;101;sudouest_42_1;orgeh;orgeH_tousSols_nonirr_organique;33.34;54.68;161.31;0.41;0.0;192.68;154.15;140.68;190.26;86.87;192.68;99.01;248.53;0.0;1915.18
2020;102;366;sudouest_42_1;solnu;;350.22;0.0;362.02;56.44;0.44;140.68;179.12;63.68;192.4;86.87;192.68;0.0;712.49;0.0;0.0
2020;1;258;sudouest_43_1;CP;ble_tousSols_nonirr_mineral;335.98;13.91;303.35;41.55;0.0;192.68;154.15;192.68;192.68;63.97;192.68;99.6;654.4;0.0;4208.05
2020;259;366;sudouest_43_1;solnu;;78.36;0.0;226.55;15.78;3.86;192.68;192.08;63.68;192.4;63.97;192.68;0.0;306.61;0.0;0.0
2020;1;271;sudouest_44_1;orgeh;orgeH_tousSols_nonirr_mineral;337.43;17.89;339.91;43.6;0.0;192.68;154.15;187.5;187.5;63.97;192.68;99.62;694.48;0.0;4540.88
2020;272;366;sudouest_44_1;solnu;;57.84;0.0;208.29;11.15;0.65;187.5;191.35;63.68;192.4;63.97;192.68;0.0;266.54;0.0;0.0
2020;1;154;sudouest_45_1;CP;ble_tousSols_irr_organique;180.81;11.96;243.39;11.52;0.0;192.68;154.15;155.81;189.9;63.97;192.68;99.35;444.08;0.0;1895.74
2020;155;366;sudouest_45_1;solnu;;247.96;0.0;276.53;49.56;1.37;155.81;189.28;63.68;192.4;63.97;192.68;0.0;516.94;0.0;0.0
2020;1;330;sudouest_46_1;orgeh;orgeH_tousSols_irr_organique;385.06;14.47;526.16;50.83;2.36;192.68;154.15;192.68;192.68;63.97;192.68;99.69;927.1;0.0;5154.82
2020;331;366;sudouest_46_1;solnu;;13.91;0.0;20.05;1.05;0.0;192.68;192.08;63.68;192.4;63.97;192.68;0.0;33.92;0.0;0.0
2020;1;213;sudouest_47_1;CP;ble_tousSols_irr_mineral;253.69;22.57;261.56;28.22;0.0;192.68;154.15;166.34;166.34;63.97;192.68;99.53;509.93;0.0;3451.56
2020;214;366;sudouest_47_1;solnu;;148.47;0.0;273.47;23.51;2.26;166.34;191.47;63.68;192.4;63.97;192.68;0.0;451.09;0.0;0.0
2020;1;115;sudouest_48_1;orgeh;orgeH_tousSols_irr_mineral;74.05;30.36;185.87;2.25;0.0;192.68;154.15;140.21;192.68;63.97;192.68;99.13;288.74;0.0;1856.94
2020;116;366;sudouest_48_1;solnu;;327.93;0.0;343.5;53.61;0.3;140.21;184.52;63.68;192.4;63.97;192.68;0.0;672.28;0.0;0.0
2020;1;366;copie_sudouest_1_1;loliumPerenne;loliumPerenne_TousSols_min;473.33;25.9;462.75;0.44;0.0;102.12;81.7;101.87;101.87;102.12;102.12;99.03;961.02;0.0;20.32
2020;1;115;copie_sudouest_2_1;maisT;mais_tousSols_nonirr_mineral;92.85;15.34;182.9;0.51;0.0;102.12;81.7;79.81;101.32;56.54;102.12;99.04;288.74;0.0;803.07
2020;116;366;copie_sudouest_2_1;solnu;;368.41;0.0;302.51;19.96;0.0;79.81;93.89;56.26;101.84;56.54;102.12;0.0;672.28;0.0;0.0
2020;1;366;copie_beauce_8_1;loliumPerenne;loliumPerenne_TousSols_irr_min;420.53;26.85;143.16;0.4;0.0;102.12;81.7;102.08;102.08;102.12;102.12;97.53;612.34;0.0;18.08
2020;1;150;copie_oceanique_1_1;CP;ble_tousSols_nonirr_organique;150.15;8.63;271.01;16.8;0.0;310.4;248.32;124.69;301.11;56.91;310.4;99.33;425.05;0.0;1530.23
2020;151;366;copie_oceanique_1_1;solnu;;249.5;0.0;290.52;54.11;0.0;124.69;302.17;56.53;310.02;56.91;310.4;0.0;571.45;0.0;0.0
2020;1;148;copie_oceanique_5_1;CP;ble_tousSols_nonirr_organique;141.65;15.36;269.64;3.76;0.0;192.68;154.15;146.99;186.55;63.97;192.68;99.32;417.11;0.0;1863.17
2020;149;366;copie_oceanique_5_1;solnu;;278.86;0.0;264.32;39.9;0.0;146.99;133.25;63.58;192.3;63.97;192.68;0.0;579.39;0.0;0.0
2020;1;342;copie_sudouest_18_1;maisT;mais_tousSols_nonirr_mineral;322.59;91.04;526.19;53.36;0.11;310.4;248.32;252.15;310.4;56.91;310.4;99.4;938.4;0.0;2955.1
2020;343;366;copie_sudouest_18_1;solnu;;10.01;0.0;12.07;2.79;0.0;252.15;309.88;56.63;310.12;56.91;310.4;0.0;22.62;0.0;0.0
2020;1;264;copie_sudouest_22_1;maisT;mais_tousSols_nonirr_mineral;319.84;65.48;278.01;31.55;0.0;192.68;154.15;188.06;188.06;63.97;192.68;98.82;657.17;0.0;2457.88
2020;265;366;copie_sudouest_22_1;solnu;;68.35;0.0;230.22;12.13;0.12;188.06;190.92;63.68;192.4;63.97;192.68;0.0;303.85;0.0;0.0
2020;1;276;copie_beauce_10_1;orgeh;orgeH_tousSols_nonirr_mineral;345.6;26.63;94.29;22.43;0.0;192.68;154.15;187.23;187.23;63.97;192.68;99.47;469.26;0.0;3638.95
2020;277;366;copie_beauce_10_1;solnu;;48.35;0.0;75.69;2.24;0.0;187.23;185.01;63.9;192.62;63.97;192.68;0.0;143.08;0.0;0.0
2020;1;193;copie_beauce_44_1;maisT;mais_tousSols_irr_organique;210.47;71.88;82.85;6.76;0.0;192.68;154.15;31.95;125.99;63.97;192.68;94.46;297.69;0.0;978.26
2020;194;366;copie_beauce_44_1;solnu;;172.88;0.0;52.49;8.08;0.0;31.95;185.51;63.9;192.62;63.97;192.68;0.0;314.64;0.0;0.0
2020;1;286;copie_oceanique_14_1;maisT;mais_tousSols_nonirr_organique;351.77;61.99;404.8;4.56;0.0;102.12;81.7;96.25;96.25;56.54;102.12;97.6;809.29;0.0;2180.19
2020;287;366;copie_oceanique_14_1;solnu;;41.82;0.0;109.44;0.67;0.0;96.25;65.17;56.16;101.74;56.54;102.12;0.0;187.21;0.0;0.0
2021;1;365;sudouest_1_1;solnu;;470.76;0.0;505.93;41.25;0.0;101.71;81.7;56.54;102.12;56.12;101.71;0.0;976.14;0.0;0.0
2021;1;365;beauce_1_1;solnu;;437.55;0.0;302.43;26.98;0.0;102.12;81.7;56.54;102.12;56.54;102.12;0.0;717.4;0.0;0.0
2021;1;365;sudouest_2_1;solnu;;470.76;0.0;505.93;41.25;0.0;101.71;81.7;56.54;102.12;56.12;101.71;0.0;976.14;0.0;0.0
2021;1;365;sudouest_3_1;solnu;;420.47;0.0;556.15;85.51;0.07;310.01;248.32;56.91;310.4;56.53;310.01;0.0;976.14;0.0;0.0
2021;1;365;sudouest_4_1;solnu;;420.47;0.0;556.13;85.51;0.08;310.01;248.32;56.91;310.4;56.53;310.01;0.0;976.14;0.0;0.0
2021;1;365;sudouest_5_1;solnu;;420.47;0.0;553.93;85.51;2.29;310.01;248.32;56.91;310.4;56.53;310.01;0.0;976.14;0.0;0.0
2021;1;365;beauce_2_1;solnu;;437.58;0.0;302.4;27.24;0.0;102.12;81.7;56.54;102.12;56.54;102.12;0.0;717.4;0.0;0.0
2021;1;365;sudouest_6_1;solnu;;420.47;0.0;555.22;85.51;1.0;310.01;248.32;56.91;310.4;56.53;310.01;0.0;976.14;0.0;0.0
2021;1;365;sudouest_7_1;solnu;;471.03;0.0;505.66;41.01;0.0;101.71;81.7;56.54;102.12;56.12;101.71;0.0;976.14;0.0;0.0
2021;1;365;sudouest_8_1;solnu;;470.76;0.0;505.93;41.25;0.0;101.71;81.7;56.54;102.12;56.12;101.71;0.0;976.14;0.0;0.0
2021;1;365;sudouest_9_1;solnu;;421.77;0.0;554.92;88.13;0.01;192.3;154.15;63.97;192.68;63.58;192.3;0.0;976.14;0.0;0.0
2021;1;365;beauce_3_1;solnu;;368.25;0.0;371.74;84.93;0.0;310.4;248.32;56.91;310.4;56.91;310.4;0.0;717.4;0.0;0.0
2021;1;365;beauce_4_1;solnu;;368.25;0.0;371.73;84.94;0.01;310.4;248.32;56.91;310.4;56.91;310.4;0.0;717.4;0.0;0.0
2021;1;8;beauce_5_1;orgeh;orgeH_tousSols_nonirr_organique;2.29;0.0;37.43;0.09;0.0;310.4;248.32;306.64;310.31;306.24;310.4;87.5;16.99;0.0;4702.99
2021;9;365;beauce_5_1;solnu;;364.09;0.0;336.13;81.08;0.11;306.64;221.08;56.91;310.4;306.24;310.4;0.0;700.41;0.0;0.0
2021;1;365;beauce_6_1;solnu;;368.25;0.0;371.51;84.94;0.23;310.4;248.32;56.91;310.4;56.91;310.4;0.0;717.4;0.0;0.0
2021;1;365;beauce_7_1;solnu;;437.62;0.0;302.37;27.21;0.0;102.12;81.7;56.54;102.12;56.54;102.12;0.0;717.4;0.0;0.0
2021;1;365;beauce_8_1;solnu;;437.58;0.0;302.41;27.2;0.0;102.12;81.7;56.54;102.12;56.54;102.12;0.0;717.4;0.0;0.0
2021;1;365;sudouest_10_1;solnu;;421.77;0.0;554.75;88.13;0.18;192.3;154.15;63.97;192.68;63.58;192.3;0.0;976.14;0.0;0.0
2021;1;365;sudouest_11_1;solnu;;421.77;0.0;554.6;88.13;0.32;192.3;154.15;63.97;192.68;63.58;192.3;0.0;976.14;0.0;0.0
2021;1;365;oceanique_1_1;solnu;;373.09;0.0;541.39;76.05;0.01;310.4;248.32;56.91;310.4;56.91;310.4;0.0;884.62;0.0;0.0
2021;1;365;oceanique_2_1;solnu;;420.77;0.0;493.71;32.21;0.01;102.12;81.7;56.54;102.12;56.54;102.12;0.0;884.62;0.0;0.0
2021;1;365;sudouest_12_1;solnu;;421.77;0.0;554.25;88.13;0.68;192.3;154.15;63.97;192.68;63.58;192.3;0.0;976.14;0.0;0.0
2021;1;365;sudouest_13_1;solnu;;470.76;0.0;505.93;41.25;0.0;101.71;81.7;56.54;102.12;56.12;101.71;0.0;976.14;0.0;0.0
2021;1;365;sudouest_14_1;solnu;;470.76;0.0;505.93;41.25;0.0;101.71;81.7;56.54;102.12;56.12;101.71;0.0;976.14;0.0;0.0
2021;1;365;sudouest_15_1;solnu;;420.47;0.0;555.98;85.51;0.24;310.01;248.32;56.91;310.4;56.53;310.01;0.0;976.14;0.0;0.0
2021;1;365;sudouest_16_1;solnu;;420.47;0.0;556.2;85.51;0.01;310.01;248.32;56.91;310.4;56.53;310.01;0.0;976.14;0.0;0.0
2021;1;365;oceanique_3_1;solnu;;420.77;0.0;493.72;32.21;0.0;102.12;81.7;56.54;102.12;56.54;102.12;0.0;884.62;0.0;0.0
2021;1;365;oceanique_4_1;solnu;;373.09;0.0;541.33;76.05;0.07;310.4;248.32;56.91;310.4;56.91;310.4;0.0;884.62;0.0;0.0
2021;1;365;sudouest_17_1;solnu;;420.47;0.0;556.21;85.51;0.0;310.01;248.32;56.91;310.4;56.53;310.01;0.0;976.14;0.0;0.0
2021;1;365;beauce_9_1;solnu;;382.98;0.0;357.0;77.0;0.01;192.68;154.15;63.97;192.68;63.97;192.68;0.0;717.4;0.0;0.0
2021;1;365;oceanique_5_1;solnu;;374.19;0.0;539.92;78.02;0.38;192.68;154.15;63.97;192.68;63.97;192.68;0.0;884.62;0.0;0.0
2021;1;365;sudouest_18_1;solnu;;420.47;0.0;556.13;85.49;0.09;310.01;248.32;56.91;310.4;56.53;310.01;0.0;976.14;0.0;0.0
2021;1;365;sudouest_19_1;solnu;;471.48;0.0;505.21;40.6;0.0;101.71;81.7;56.54;102.12;56.12;101.71;0.0;976.14;0.0;0.0
2021;1;365;sudouest_20_1;solnu;;471.04;0.0;505.65;41.0;0.0;101.71;81.7;56.54;102.12;56.12;101.71;0.0;976.14;0.0;0.0
2021;1;365;sudouest_21_1;solnu;;421.77;0.0;554.9;88.13;0.03;192.3;154.15;63.97;192.68;63.58;192.3;0.0;976.14;0.0;0.0
2021;1;365;sudouest_22_1;solnu;;421.77;0.0;554.79;88.13;0.14;192.3;154.15;63.97;192.68;63.58;192.3;0.0;976.14;0.0;0.0
2021;1;365;sudouest_23_1;solnu;;421.77;0.0;554.9;88.13;0.03;192.3;154.15;63.97;192.68;63.58;192.3;0.0;976.14;0.0;0.0
2021;1;365;oceanique_6_1;solnu;;374.19;0.0;540.09;78.02;0.21;192.68;154.15;63.97;192.68;63.97;192.68;0.0;884.62;0.0;0.0
2021;1;365;beauce_10_1;solnu;;382.84;0.0;356.25;77.07;0.9;192.68;154.15;63.97;192.68;63.97;192.68;0.0;717.4;0.0;0.0
2021;1;365;beauce_11_1;solnu;;383.12;0.0;356.87;76.91;0.0;192.68;154.15;63.97;192.68;63.97;192.68;0.0;717.4;0.0;0.0
2021;1;365;beauce_12_1;solnu;;382.78;0.0;357.2;77.13;0.01;192.68;154.15;63.97;192.68;63.97;192.68;0.0;717.4;0.0;0.0
2021;1;365;sudouest_24_1;solnu;;421.77;0.0;554.37;88.13;0.55;192.3;154.15;63.97;192.68;63.58;192.3;0.0;976.14;0.0;0.0
2021;1;365;beauce_13_1;solnu;;437.58;0.0;302.4;27.24;0.0;102.12;81.7;56.54;102.12;56.54;102.12;0.0;717.4;0.0;0.0
2021;1;365;beauce_14_1;solnu;;437.58;0.0;302.4;27.24;0.0;102.12;81.7;56.54;102.12;56.54;102.12;0.0;717.4;0.0;0.0
2021;1;365;beauce_15_1;solnu;;437.58;0.0;302.4;27.24;0.0;102.12;81.7;56.54;102.12;56.54;102.12;0.0;717.4;0.0;0.0
2021;1;365;beauce_16_1;solnu;;437.58;0.0;302.4;27.24;0.0;102.12;81.7;56.54;102.12;56.54;102.12;0.0;717.4;0.0;0.0
2021;1;365;beauce_17_1;solnu;;437.58;0.0;302.4;27.24;0.0;102.12;81.7;56.54;102.12;56.54;102.12;0.0;717.4;0.0;0.0
2021;1;6;beauce_18_1;maisT;mais_tousSols_nonirr_mineral;1.37;0.0;34.41;0.01;0.0;102.12;81.7;101.93;102.12;102.12;102.12;83.33;16.99;0.0;2272.75
2021;7;365;beauce_18_1;solnu;;434.72;0.0;269.56;27.22;0.0;101.93;90.03;56.54;102.12;102.12;102.12;0.0;700.41;0.0;0.0
2021;1;365;beauce_19_1;solnu;;368.25;0.0;371.71;84.94;0.03;310.4;248.32;56.91;310.4;56.91;310.4;0.0;717.4;0.0;0.0
2021;1;365;beauce_20_1;solnu;;368.25;0.0;371.72;84.94;0.02;310.4;248.32;56.91;310.4;56.91;310.4;0.0;717.4;0.0;0.0
2021;1;365;beauce_21_1;solnu;;368.24;0.0;371.74;84.93;0.0;310.4;248.32;56.91;310.4;56.91;310.4;0.0;717.4;0.0;0.0
2021;1;365;beauce_22_1;solnu;;368.24;0.0;371.72;84.92;0.02;310.4;248.32;56.91;310.4;56.91;310.4;0.0;717.4;0.0;0.0
2021;1;365;beauce_23_1;solnu;;368.25;0.0;371.74;84.94;0.01;310.4;248.32;56.91;310.4;56.91;310.4;0.0;717.4;0.0;0.0
2021;1;85;beauce_24_1;maisT;mais_tousSols_irr_mineral;20.04;0.0;102.75;2.55;0.0;310.4;248.32;226.8;310.4;211.1;310.4;98.82;100.53;0.0;2339.71
2021;86;365;beauce_24_1;solnu;;319.93;0.0;297.33;71.71;0.01;226.8;269.04;56.91;310.4;211.1;310.4;0.0;616.88;0.0;0.0
2021;1;365;beauce_25_1;solnu;;368.25;0.0;371.69;84.94;0.05;310.4;248.32;56.91;310.4;56.91;310.4;0.0;717.4;0.0;0.0
2021;1;365;beauce_26_1;solnu;;368.25;0.0;371.22;84.94;0.52;310.4;248.32;56.91;310.4;56.91;310.4;0.0;717.4;0.0;0.0
2021;1;365;beauce_27_1;solnu;;368.25;0.0;371.71;84.94;0.04;310.4;248.32;56.91;310.4;56.91;310.4;0.0;717.4;0.0;0.0
2021;1;365;beauce_28_1;solnu;;368.25;0.0;371.72;84.94;0.02;310.4;248.32;56.91;310.4;56.91;310.4;0.0;717.4;0.0;0.0
2021;1;365;beauce_29_1;solnu;;368.25;0.0;371.65;84.94;0.09;310.4;248.32;56.91;310.4;56.91;310.4;0.0;717.4;0.0;0.0
2021;1;365;beauce_30_1;solnu;;368.25;0.0;371.74;84.94;0.01;310.4;248.32;56.91;310.4;56.91;310.4;0.0;717.4;0.0;0.0
2021;1;365;beauce_31_1;solnu;;437.58;0.0;302.4;27.24;0.0;102.12;81.7;56.54;102.12;56.54;102.12;0.0;717.4;0.0;0.0
2021;1;365;beauce_32_1;solnu;;437.59;0.0;302.4;27.23;0.0;102.12;81.7;56.54;102.12;56.54;102.12;0.0;717.4;0.0;0.0
2021;1;365;beauce_33_1;solnu;;437.66;0.0;302.33;27.17;0.0;102.12;81.7;56.54;102.12;56.54;102.12;0.0;717.4;0.0;0.0
2021;1;365;beauce_34_1;solnu;;437.87;0.0;302.12;26.98;0.0;102.12;81.7;56.54;102.12;56.54;102.12;0.0;717.4;0.0;0.0
2021;1;365;beauce_35_1;solnu;;437.58;0.0;302.4;27.24;0.0;102.12;81.7;56.54;102.12;56.54;102.12;0.0;717.4;0.0;0.0
2021;1;1;beauce_36_1;maisT;mais_tousSols_irr_mineral;0.12;0.0;22.52;0.0;0.0;102.12;81.7;102.12;102.12;102.12;102.12;0.0;10.52;0.0;0.0
2021;2;365;beauce_36_1;solnu;;437.64;0.0;279.77;26.68;0.0;102.12;74.85;56.54;102.12;102.12;102.12;0.0;706.89;0.0;0.0
2021;1;365;beauce_37_1;solnu;;382.78;0.0;357.2;77.13;0.01;192.68;154.15;63.97;192.68;63.97;192.68;0.0;717.4;0.0;0.0
2021;1;365;beauce_38_1;solnu;;382.84;0.0;356.98;77.09;0.17;192.68;154.15;63.97;192.68;63.97;192.68;0.0;717.4;0.0;0.0
2021;1;365;beauce_39_1;solnu;;382.78;0.0;357.15;77.13;0.06;192.68;154.15;63.97;192.68;63.97;192.68;0.0;717.4;0.0;0.0
2021;1;365;beauce_40_1;solnu;;382.78;0.0;357.19;77.13;0.02;192.68;154.15;63.97;192.68;63.97;192.68;0.0;717.4;0.0;0.0
2021;1;365;beauce_41_1;solnu;;382.78;0.0;357.19;77.13;0.02;192.68;154.15;63.97;192.68;63.97;192.68;0.0;717.4;0.0;0.0
2021;1;365;beauce_42_1;solnu;;382.78;0.0;357.2;77.13;0.01;192.68;154.15;63.97;192.68;63.97;192.68;0.0;717.4;0.0;0.0
2021;1;365;beauce_43_1;solnu;;382.8;0.0;357.17;77.12;0.02;192.68;154.15;63.97;192.68;63.97;192.68;0.0;717.4;0.0;0.0
2021;1;365;beauce_44_1;solnu;;383.43;0.0;356.55;76.7;0.01;192.68;154.15;63.97;192.68;63.97;192.68;0.0;717.4;0.0;0.0
2021;1;365;beauce_45_1;solnu;;383.7;0.0;356.27;76.52;0.01;192.68;154.15;63.97;192.68;63.97;192.68;0.0;717.4;0.0;0.0
2021;1;365;beauce_46_1;solnu;;382.78;0.0;357.2;77.13;0.01;192.68;154.15;63.97;192.68;63.97;192.68;0.0;717.4;0.0;0.0
2021;1;365;beauce_47_1;solnu;;383.04;0.0;356.94;76.96;0.01;192.68;154.15;63.97;192.68;63.97;192.68;0.0;717.4;0.0;0.0
2021;1;365;beauce_48_1;solnu;;382.9;0.0;357.07;77.04;0.01;192.68;154.15;63.97;192.68;63.97;192.68;0.0;717.4;0.0;0.0
2021;1;365;oceanique_7_1;solnu;;373.09;0.0;541.38;76.05;0.02;310.4;248.32;56.91;310.4;56.91;310.4;0.0;884.62;0.0;0.0
2021;1;365;oceanique_8_1;solnu;;373.09;0.0;541.36;76.05;0.04;310.4;248.32;56.91;310.4;56.91;310.4;0.0;884.62;0.0;0.0
2021;1;365;oceanique_9_1;solnu;;373.09;0.0;541.36;76.05;0.04;310.4;248.32;56.91;310.4;56.91;310.4;0.0;884.62;0.0;0.0
2021;1;365;oceanique_10_1;solnu;;420.77;0.0;493.72;32.21;0.0;102.12;81.7;56.54;102.12;56.54;102.12;0.0;884.62;0.0;0.0
2021;1;365;oceanique_11_1;solnu;;420.77;0.0;493.72;32.21;0.0;102.12;81.7;56.54;102.12;56.54;102.12;0.0;884.62;0.0;0.0
2021;1;365;oceanique_12_1;solnu;;437.58;0.0;302.4;27.24;0.0;102.12;81.7;56.54;102.12;56.54;102.12;0.0;717.4;0.0;0.0
2021;1;365;oceanique_13_1;solnu;;420.86;0.0;493.62;32.12;0.0;102.12;81.7;56.54;102.12;56.54;102.12;0.0;884.62;0.0;0.0
2021;1;365;oceanique_14_1;solnu;;420.77;0.0;493.68;32.21;0.04;102.12;81.7;56.54;102.12;56.54;102.12;0.0;884.62;0.0;0.0
2021;1;365;oceanique_15_1;solnu;;420.77;0.0;493.21;32.21;0.51;102.12;81.7;56.54;102.12;56.54;102.12;0.0;884.62;0.0;0.0
2021;1;365;oceanique_16_1;solnu;;373.09;0.0;541.35;76.05;0.05;310.4;248.32;56.91;310.4;56.91;310.4;0.0;884.62;0.0;0.0
2021;1;365;oceanique_17_1;solnu;;373.09;0.0;541.09;76.05;0.31;310.4;248.32;56.91;310.4;56.91;310.4;0.0;884.62;0.0;0.0
2021;1;365;oceanique_18_1;solnu;;373.09;0.0;541.37;76.05;0.03;310.4;248.32;56.91;310.4;56.91;310.4;0.0;884.62;0.0;0.0
2021;1;365;oceanique_19_1;solnu;;374.19;0.0;540.24;78.02;0.06;192.68;154.15;63.97;192.68;63.97;192.68;0.0;884.62;0.0;0.0
2021;1;365;oceanique_20_1;solnu;;374.19;0.0;540.22;78.02;0.08;192.68;154.15;63.97;192.68;63.97;192.68;0.0;884.62;0.0;0.0
2021;1;365;oceanique_21_1;solnu;;374.19;0.0;540.08;78.02;0.22;192.68;154.15;63.97;192.68;63.97;192.68;0.0;884.62;0.0;0.0
2021;1;365;oceanique_22_1;solnu;;374.19;0.0;539.99;78.02;0.3;192.68;154.15;63.97;192.68;63.97;192.68;0.0;884.62;0.0;0.0
2021;1;365;oceanique_23_1;solnu;;374.19;0.0;539.33;78.02;0.97;192.68;154.15;63.97;192.68;63.97;192.68;0.0;884.62;0.0;0.0
2021;1;365;oceanique_24_1;solnu;;374.19;0.0;539.84;78.02;0.45;192.68;154.15;63.97;192.68;63.97;192.68;0.0;884.62;0.0;0.0
2021;1;365;sudouest_25_1;solnu;;470.76;0.0;505.93;41.25;0.0;101.71;81.7;56.54;102.12;56.12;101.71;0.0;976.14;0.0;0.0
2021;1;365;sudouest_26_1;solnu;;470.98;0.0;505.71;41.06;0.0;101.71;81.7;56.54;102.12;56.12;101.71;0.0;976.14;0.0;0.0
2021;1;30;sudouest_27_1;CP;ble_tousSols_nonirr_mineral;5.75;0.0;58.99;0.14;0.0;102.12;81.7;102.12;102.12;102.12;102.12;96.67;65.11;0.0;6043.67
2021;31;365;sudouest_27_1;solnu;;457.22;0.0;454.91;40.89;0.0;102.12;97.16;56.54;102.12;102.12;102.12;0.0;911.03;0.0;0.0
2021;1;365;sudouest_28_1;solnu;;471.54;0.0;505.16;40.55;0.0;101.71;81.7;56.54;102.12;56.12;101.71;0.0;976.14;0.0;0.0
2021;1;365;sudouest_29_1;solnu;;420.47;0.0;554.68;85.51;1.54;310.01;248.32;56.91;310.4;56.53;310.01;0.0;976.14;0.0;0.0
2021;1;365;sudouest_30_1;solnu;;420.47;0.0;555.92;85.51;0.3;310.01;248.32;56.91;310.4;56.53;310.01;0.0;976.14;0.0;0.0
2021;1;365;sudouest_31_1;solnu;;420.47;0.0;555.41;85.51;0.8;310.01;248.32;56.91;310.4;56.53;310.01;0.0;976.14;0.0;0.0
2021;1;365;sudouest_32_1;solnu;;420.47;0.0;555.69;85.51;0.53;310.01;248.32;56.91;310.4;56.53;310.01;0.0;976.14;0.0;0.0
2021;1;365;sudouest_33_1;solnu;;420.47;0.0;554.31;85.51;1.91;310.01;248.32;56.91;310.4;56.53;310.01;0.0;976.14;0.0;0.0
2021;1;365;sudouest_34_1;solnu;;420.47;0.0;555.75;85.51;0.46;310.01;248.32;56.91;310.4;56.53;310.01;0.0;976.14;0.0;0.0
2021;1;365;sudouest_35_1;solnu;;420.47;0.0;555.05;85.51;1.17;310.01;248.32;56.91;310.4;56.53;310.01;0.0;976.14;0.0;0.0
2021;1;365;sudouest_36_1;solnu;;420.47;0.0;555.33;85.51;0.89;310.01;248.32;56.91;310.4;56.53;310.01;0.0;976.14;0.0;0.0
2021;1;365;sudouest_37_1;solnu;;470.76;0.0;505.93;41.25;0.0;101.71;81.7;56.54;102.12;56.12;101.71;0.0;976.14;0.0;0.0
2021;1;365;sudouest_38_1;solnu;;470.85;0.0;505.84;41.17;0.0;101.71;81.7;56.54;102.12;56.12;101.71;0.0;976.14;0.0;0.0
2021;1;365;sudouest_39_1;solnu;;471.23;0.0;505.46;40.83;0.0;101.71;81.7;56.54;102.12;56.12;101.71;0.0;976.14;0.0;0.0
2021;1;365;sudouest_40_1;solnu;;471.2;0.0;505.49;40.86;0.0;101.71;81.7;56.54;102.12;56.12;101.71;0.0;976.14;0.0;0.0
2021;1;365;sudouest_41_1;solnu;;421.77;0.0;554.02;88.13;0.9;192.3;154.15;63.97;192.68;63.58;192.3;0.0;976.14;0.0;0.0
2021;1;365;sudouest_42_1;solnu;;421.77;0.0;554.43;88.13;0.49;192.3;154.15;63.97;192.68;63.58;192.3;0.0;976.14;0.0;0.0
2021;1;365;sudouest_43_1;solnu;;421.77;0.0;550.55;88.13;4.38;192.3;154.15;63.97;192.68;63.58;192.3;0.0;976.14;0.0;0.0
2021;1;365;sudouest_44_1;solnu;;421.77;0.0;554.18;88.13;0.74;192.3;154.15;63.97;192.68;63.58;192.3;0.0;976.14;0.0;0.0
2021;1;365;sudouest_45_1;solnu;;421.77;0.0;553.37;88.13;1.56;192.3;154.15;63.97;192.68;63.58;192.3;0.0;976.14;0.0;0.0
2021;1;365;sudouest_46_1;solnu;;421.7;0.0;552.32;87.71;2.67;192.3;154.15;63.97;192.68;63.58;192.3;0.0;976.14;0.0;0.0
2021;1;365;sudouest_47_1;solnu;;421.77;0.0;552.36;88.13;2.56;192.3;154.15;63.97;192.68;63.58;192.3;0.0;976.14;0.0;0.0
2021;1;365;sudouest_48_1;solnu;;421.77;0.0;554.58;88.13;0.34;192.3;154.15;63.97;192.68;63.58;192.3;0.0;976.14;0.0;0.0
2021;1;365;copie_sudouest_1_1;loliumPerenne;loliumPerenne_TousSols_min;472.17;27.8;476.75;0.37;0.0;101.82;81.7;102.12;102.12;101.82;101.82;98.22;976.14;0.0;20.32
2021;1;365;copie_sudouest_2_1;solnu;;470.76;0.0;505.93;41.25;0.0;101.71;81.7;56.54;102.12;56.12;101.71;0.0;976.14;0.0;0.0
2021;1;365;copie_beauce_8_1;loliumPerenne;loliumPerenne_TousSols_irr_min;432.63;20.54;286.84;0.47;0.0;102.12;81.7;102.12;102.12;102.12;102.12;99.77;717.4;0.0;18.08
2021;1;365;copie_oceanique_1_1;solnu;;373.09;0.0;541.39;76.05;0.01;310.4;248.32;56.91;310.4;56.91;310.4;0.0;884.62;0.0;0.0
2021;1;365;copie_oceanique_5_1;solnu;;374.19;0.0;539.92;78.02;0.38;192.68;154.15;63.97;192.68;63.97;192.68;0.0;884.62;0.0;0.0
2021;1;365;copie_sudouest_18_1;solnu;;420.47;0.0;556.13;85.51;0.09;310.01;248.32;56.91;310.4;56.53;310.01;0.0;976.14;0.0;0.0
2021;1;365;copie_sudouest_22_1;solnu;;421.77;0.0;554.79;88.13;0.14;192.3;154.15;63.97;192.68;63.58;192.3;0.0;976.14;0.0;0.0
2021;1;365;copie_beauce_10_1;solnu;;383.63;0.0;355.46;76.51;0.9;192.68;154.15;63.97;192.68;63.97;192.68;0.0;717.4;0.0;0.0
2021;1;365;copie_beauce_44_1;solnu;;382.78;0.0;357.2;77.13;0.01;192.68;154.15;63.97;192.68;63.97;192.68;0.0;717.4;0.0;0.0
2021;1;365;copie_oceanique_14_1;solnu;;420.77;0.0;493.68;32.21;0.04;102.12;81.7;56.54;102.12;56.54;102.12;0.0;884.62;0.0;0.0
